rebalance_date,symbol,target_weight,rank,momentum_score
2023-05-19,588000.SH,0.25,1,0.10944688411795692
2023-05-19,512880.SH,0.25,2,0.002482813276297994
2023-05-19,510500.SH,0.25,3,0.0015964555286286037
2023-05-19,512660.SH,0.25,4,-0.005173906189686147
2023-05-26,588000.SH,0.25,1,0.057556720288431305
2023-05-26,512880.SH,0.25,2,-9.207924748440154e-05
2023-05-26,510500.SH,0.25,3,-0.001139501592844472
2023-05-26,512660.SH,0.25,4,-0.01926719331548194
2023-06-02,588000.SH,0.25,1,0.034065365238947404
2023-06-02,512880.SH,0.25,2,-0.006050484086873887
2023-06-02,510500.SH,0.25,3,-0.023919722475951172
2023-06-02,512660.SH,0.25,4,-0.08533679099400317
2023-06-09,588000.SH,0.25,1,0.021232336125090737
2023-06-09,512880.SH,0.25,2,-0.0068034831982263875
2023-06-09,510500.SH,0.25,3,-0.059696702338041
2023-06-09,510300.SH,0.25,4,-0.10619085385798546
2023-06-16,588000.SH,0.25,1,0.019289013237957776
2023-06-16,512880.SH,0.25,2,-0.006191168761199464
2023-06-16,510500.SH,0.25,3,-0.06674915767173682
2023-06-16,510300.SH,0.25,4,-0.09691476448479353
2023-06-21,588000.SH,0.25,1,0.01828599279649493
2023-06-21,512880.SH,0.25,2,-0.00840880074557916
2023-06-21,510500.SH,0.25,3,-0.0694339538133811
2023-06-21,510300.SH,0.25,4,-0.09318978674286771
2023-06-30,588000.SH,0.25,1,0.005522861401134411
2023-06-30,512880.SH,0.25,2,-0.02004966086264676
2023-06-30,510500.SH,0.25,3,-0.08167462000836591
2023-06-30,510300.SH,0.25,4,-0.09290329364791095
2023-07-07,588000.SH,0.25,1,1.5875874897107062e-05
2023-07-07,512880.SH,0.25,2,-0.022531487371793807
2023-07-07,512660.SH,0.25,3,-0.06538282558779134
2023-07-07,510300.SH,0.25,4,-0.08202824921039906
2023-07-14,588000.SH,0.25,1,-0.003977055090214205
2023-07-14,512880.SH,0.25,2,-0.022191528525020512
2023-07-14,512660.SH,0.25,3,-0.036894254105754164
2023-07-14,510300.SH,0.25,4,-0.0659430314074937
2023-07-21,512660.SH,0.25,1,-0.014934360521434974
2023-07-21,512880.SH,0.25,2,-0.023081733720483853
2023-07-21,588000.SH,0.25,3,-0.04230185578263675
2023-07-21,510300.SH,0.25,4,-0.054700333108580856
2023-07-28,512660.SH,0.25,1,-0.00720289744269048
2023-07-28,512880.SH,0.25,2,-0.011794429135094103
2023-07-28,510300.SH,0.25,3,-0.04307000575872295
2023-07-28,510500.SH,0.25,4,-0.08228404590382016
2023-08-04,512880.SH,0.25,1,-6.774305022263311e-06
2023-08-04,512660.SH,0.25,2,-0.003405459444614919
2023-08-04,510300.SH,0.25,3,-0.01717631644542058
2023-08-04,510500.SH,0.25,4,-0.06544430016202522
2023-08-11,512880.SH,0.25,1,0.0037048360802221
2023-08-11,510300.SH,0.25,2,-0.005797850428950956
2023-08-11,512660.SH,0.25,3,-0.0067813693411578726
2023-08-11,510500.SH,0.25,4,-0.051380279706932645
2023-08-18,512880.SH,0.25,1,0.027155972480826296
2023-08-18,510300.SH,0.25,2,-0.00266673126064552
2023-08-18,512660.SH,0.25,3,-0.011895543318425775
2023-08-18,159928.SZ,0.25,4,-0.021952757234050397
2023-08-25,512880.SH,0.25,1,0.06266391232983115
2023-08-25,510300.SH,0.25,2,-0.002968736243487416
2023-08-25,159928.SZ,0.25,3,-0.013806435052359619
2023-08-25,512660.SH,0.25,4,-0.021535580868250706
2023-09-01,512880.SH,0.25,1,0.12017104846010654
2023-09-01,510300.SH,0.25,2,-0.0005127357827804134
2023-09-01,159928.SZ,0.25,3,-0.004981252999779337
2023-09-01,512660.SH,0.25,4,-0.028683773127534316
2023-09-08,512880.SH,0.25,1,0.11457032043830374
2023-09-08,510300.SH,0.25,2,-0.0003567523006061995
2023-09-08,159928.SZ,0.25,3,-0.0008247532251275623
2023-09-08,512660.SH,0.25,4,-0.039433594300641917
2023-09-15,512880.SH,0.25,1,0.16791273528579362
2023-09-15,159928.SZ,0.25,2,-8.529840066036109e-06
2023-09-15,510300.SH,0.25,3,-0.000220299385965286
2023-09-15,512660.SH,0.25,4,-0.04344405076091538
2023-09-22,512880.SH,0.25,1,0.20082524097572702
2023-09-22,159928.SZ,0.25,2,2.097971449912951e-07
2023-09-22,510300.SH,0.25,3,-0.0006830011323187657
2023-09-22,512660.SH,0.25,4,-0.06864572432175353
2023-09-28,512880.SH,0.25,1,0.1927263593679772
2023-09-28,159928.SZ,0.25,2,2.0894874870152458e-10
2023-09-28,510300.SH,0.25,3,-0.001725912172676663
2023-09-28,512010.SH,0.25,4,-0.07295640622485701
2023-10-13,512880.SH,0.25,1,0.12106743421996839
2023-10-13,159928.SZ,0.25,2,-0.0011915902641612755
2023-10-13,510300.SH,0.25,3,-0.012209661484019963
2023-10-13,512010.SH,0.25,4,-0.019769711358148055
2023-10-20,512880.SH,0.25,1,0.0642288154126047
2023-10-20,512010.SH,0.25,2,-0.011367416734669402
2023-10-20,159928.SZ,0.25,3,-0.025952419352435828
2023-10-20,510300.SH,0.25,4,-0.050461092653593234
2023-10-27,512880.SH,0.25,1,0.025452089427014404
2023-10-27,512010.SH,0.25,2,-0.018024359411636194
2023-10-27,159928.SZ,0.25,3,-0.07743304702195297
2023-10-27,510300.SH,0.25,4,-0.11458537848680428
2023-11-03,512880.SH,0.25,1,0.007785546330983168
2023-11-03,512010.SH,0.25,2,-0.0011574311036914135
2023-11-03,159928.SZ,0.25,3,-0.07219400586967985
2023-11-03,510300.SH,0.25,4,-0.14285835759706333
2023-11-10,512880.SH,0.25,1,0.0008734400555515003
2023-11-10,512010.SH,0.25,2,1.32962735190694e-08
2023-11-10,159928.SZ,0.25,3,-0.09189446213454205
2023-11-10,510300.SH,0.25,4,-0.18046034973814282
2023-11-17,512010.SH,0.25,1,0.0004938101849798576
2023-11-17,512880.SH,0.25,2,-9.002040422541294e-08
2023-11-17,159928.SZ,0.25,3,-0.11985989236607758
2023-11-17,510500.SH,0.25,4,-0.1946356495492179
2023-11-24,512010.SH,0.25,1,0.0028870456208934547
2023-11-24,512880.SH,0.25,2,-0.0025408808347277528
2023-11-24,159928.SZ,0.25,3,-0.14457472418365977
2023-11-24,588000.SH,0.25,4,-0.17040056551878305
2023-12-01,512010.SH,0.25,1,0.008137411890280607
2023-12-01,512880.SH,0.25,2,-0.03446287194078222
2023-12-01,588000.SH,0.25,3,-0.14245652867264233
2023-12-01,512660.SH,0.25,4,-0.14973335976411709
2023-12-08,512010.SH,0.25,1,0.009238770512672077
2023-12-08,512880.SH,0.25,2,-0.11457529228556707
2023-12-08,588000.SH,0.25,3,-0.12970393337768843
2023-12-08,512660.SH,0.25,4,-0.1353930893504642
2023-12-15,512010.SH,0.25,1,0.010913440851128114
2023-12-15,588000.SH,0.25,2,-0.09421927769241864
2023-12-15,512880.SH,0.25,3,-0.1077845607583157
2023-12-15,510500.SH,0.25,4,-0.10838128271313316
2023-12-22,512010.SH,0.25,1,0.0014505614266167594
2023-12-22,588000.SH,0.25,2,-0.07538544220524826
2023-12-22,512880.SH,0.25,3,-0.09308298811387561
2023-12-22,510500.SH,0.25,4,-0.09867904067100097
2023-12-29,512010.SH,0.25,1,9.498864900785261e-06
2023-12-29,588000.SH,0.25,2,-0.07613142172788585
2023-12-29,512880.SH,0.25,3,-0.08928677187762239
2023-12-29,510500.SH,0.25,4,-0.09548699864079321
2024-01-05,512010.SH,0.25,1,-0.0011582739166821451
2024-01-05,588000.SH,0.25,2,-0.09732534915421699
2024-01-05,512880.SH,0.25,3,-0.09766699916825018
2024-01-05,510500.SH,0.25,4,-0.1047101976858281
2024-01-12,512010.SH,0.25,1,-0.01821643376167686
2024-01-12,512880.SH,0.25,2,-0.11083569103277395
2024-01-12,510500.SH,0.25,3,-0.13806287077418655
2024-01-12,588000.SH,0.25,4,-0.14182615078450778
2024-01-19,512010.SH,0.25,1,-0.059278784395760134
2024-01-19,512880.SH,0.25,2,-0.14493729436863192
2024-01-19,588000.SH,0.25,3,-0.15272105136812628
2024-01-19,510500.SH,0.25,4,-0.15472455921996225
2024-01-26,512010.SH,0.25,1,-0.14238150898483248
2024-01-26,512880.SH,0.25,2,-0.16084909634892952
2024-01-26,510500.SH,0.25,3,-0.17959917263033348
2024-01-26,588000.SH,0.25,4,-0.19273731196349958
2024-02-02,512880.SH,0.25,1,-0.19146263098194718
2024-02-02,510500.SH,0.25,2,-0.21738466362181755
2024-02-02,512010.SH,0.25,3,-0.2366714768592759
2024-02-02,512660.SH,0.25,4,-0.26007913711000036
2024-02-08,512880.SH,0.25,1,-0.20570691473617103
2024-02-08,510500.SH,0.25,2,-0.22931268049141665
2024-02-08,159928.SZ,0.25,3,-0.26220696234109997
2024-02-08,510300.SH,0.25,4,-0.2798658518683224
2024-02-23,510300.SH,0.25,1,-0.18760714038473505
2024-02-23,159928.SZ,0.25,2,-0.2006687805509056
2024-02-23,512880.SH,0.25,3,-0.20201839162418544
2024-02-23,510500.SH,0.25,4,-0.20956048583974132
2024-03-01,510300.SH,0.25,1,-0.09577908341880262
2024-03-01,159928.SZ,0.25,2,-0.15544316977667466
2024-03-01,510500.SH,0.25,3,-0.16344363176774682
2024-03-01,512880.SH,0.25,4,-0.17338489893937178
2024-03-08,510300.SH,0.25,1,-0.04281464440920806
2024-03-08,510500.SH,0.25,2,-0.1446014619688177
2024-03-08,159928.SZ,0.25,3,-0.1506846180282778
2024-03-08,512880.SH,0.25,4,-0.15574428802829368
2024-03-15,510300.SH,0.25,1,-0.00753411080739836
2024-03-15,159928.SZ,0.25,2,-0.07547298078717825
2024-03-15,510500.SH,0.25,3,-0.09296055152810836
2024-03-15,516160.SH,0.25,4,-0.12150367623781344
2024-03-22,510300.SH,0.25,1,-6.033794834624059e-06
2024-03-22,159928.SZ,0.25,2,-0.017495805934651557
2024-03-22,510500.SH,0.25,3,-0.04364363437478835
2024-03-22,516160.SH,0.25,4,-0.04952005165424797
2024-03-29,510300.SH,0.25,1,0.0028868244724788656
2024-03-29,159928.SZ,0.25,2,-0.0013386205497386066
2024-03-29,516160.SH,0.25,3,-0.016075661631811494
2024-03-29,159915.SZ,0.25,4,-0.022436708686173524
2024-04-03,510300.SH,0.25,1,0.016355329511653287
2024-04-03,159928.SZ,0.25,2,-8.368447104402819e-10
2024-04-03,516160.SH,0.25,3,-0.0026971039209047263
2024-04-03,159915.SZ,0.25,4,-0.007131506482971508
2024-04-12,510300.SH,0.25,1,0.06160259279779556
2024-04-12,159928.SZ,0.25,2,0.002942102675184916
2024-04-12,516160.SH,0.25,3,-3.312961459682503e-09
2024-04-12,159915.SZ,0.25,4,-0.0007858315002642696
2024-04-19,510300.SH,0.25,1,0.13587095368481053
2024-04-19,159928.SZ,0.25,2,0.024387839504711913
2024-04-19,516160.SH,0.25,3,5.539708846388762e-05
2024-04-19,159915.SZ,0.25,4,-3.242715457428405e-10
2024-04-26,510300.SH,0.25,1,0.17616824166272205
2024-04-26,159928.SZ,0.25,2,0.07648636029990022
2024-04-26,510500.SH,0.25,3,0.0006286827150139273
2024-04-26,159915.SZ,0.25,4,0.00043350761458838634
2024-04-30,510300.SH,0.25,1,0.20506599188566216
2024-04-30,159928.SZ,0.25,2,0.10640232028984413
2024-04-30,510500.SH,0.25,3,0.0039516786900633885
2024-04-30,159915.SZ,0.25,4,0.0031898250776141303
2024-05-10,510300.SH,0.25,1,0.25034377395905344
2024-05-10,159928.SZ,0.25,2,0.1664373871541276
2024-05-10,510500.SH,0.25,3,0.029810873492310628
2024-05-10,159915.SZ,0.25,4,0.0233723281744067
2024-05-17,510300.SH,0.25,1,0.2859163526337251
2024-05-17,159928.SZ,0.25,2,0.22973153832905296
2024-05-17,510500.SH,0.25,3,0.06666996871257394
2024-05-17,159915.SZ,0.25,4,0.056152604168684665
2024-05-24,510300.SH,0.25,1,0.3478195436523706
2024-05-24,159928.SZ,0.25,2,0.34225790681138424
2024-05-24,510500.SH,0.25,3,0.13981106228208115
2024-05-24,159915.SZ,0.25,4,0.13591377620009792
2024-05-31,510300.SH,0.25,1,0.3075957735007903
2024-05-31,159928.SZ,0.25,2,0.307583486229171
2024-05-31,510500.SH,0.25,3,0.15229176073210596
2024-05-31,512660.SH,0.25,4,0.1512829059064497
2024-06-07,510300.SH,0.25,1,0.2399889540541852
2024-06-07,159928.SZ,0.25,2,0.22444274328752323
2024-06-07,512660.SH,0.25,3,0.17927071326599547
2024-06-07,510500.SH,0.25,4,0.13039558389829115
2024-06-14,510300.SH,0.25,1,0.16037305084218623
2024-06-14,512660.SH,0.25,2,0.14115804641687338
2024-06-14,159928.SZ,0.25,3,0.10307667164754263
2024-06-14,159915.SZ,0.25,4,0.0759679740225871
2024-06-21,512660.SH,0.25,1,0.08975682668092061
2024-06-21,510300.SH,0.25,2,0.08123477389918879
2024-06-21,159915.SZ,0.25,3,0.021054945923158642
2024-06-21,510500.SH,0.25,4,0.019548956788794977
2024-06-28,510300.SH,0.25,1,0.014376203526758136
2024-06-28,512660.SH,0.25,2,0.007894508653634506
2024-06-28,159915.SZ,0.25,3,-5.810621186363608e-05
2024-06-28,510500.SH,0.25,4,-0.0005524385862781875
2024-07-05,510300.SH,0.25,1,0.00026311578333036934
2024-07-05,512660.SH,0.25,2,-3.1782472227880853e-06
2024-07-05,159915.SZ,0.25,3,-0.01937118784234291
2024-07-05,159928.SZ,0.25,4,-0.02359929260892571
2024-07-12,510300.SH,0.25,1,-0.0006284456171585852
2024-07-12,512660.SH,0.25,2,-0.005601781420304472
2024-07-12,510500.SH,0.25,3,-0.07408106183698275
2024-07-12,159915.SZ,0.25,4,-0.07428480277628122
2024-07-19,510300.SH,0.25,1,-0.001006128474814856
2024-07-19,512660.SH,0.25,2,-0.00880553583927112
2024-07-19,159915.SZ,0.25,3,-0.10772887009070459
2024-07-19,510500.SH,0.25,4,-0.11446226596803943
2024-07-26,510300.SH,0.25,1,-0.003061107960353339
2024-07-26,512660.SH,0.25,2,-0.007140938023287306
2024-07-26,588000.SH,0.25,3,-0.10666124940659191
2024-07-26,159915.SZ,0.25,4,-0.12581111866342007
2024-08-02,512660.SH,0.25,1,-0.00019715052896184163
2024-08-02,510300.SH,0.25,2,-0.007476055764004432
2024-08-02,588000.SH,0.25,3,-0.06662506687148535
2024-08-02,512880.SH,0.25,4,-0.1234203831144066
2024-08-09,512660.SH,0.25,1,-0.00018068562659857116
2024-08-09,510300.SH,0.25,2,-0.030505462096177022
2024-08-09,588000.SH,0.25,3,-0.06499249489036553
2024-08-09,512880.SH,0.25,4,-0.09780425961593478
2024-08-16,512660.SH,0.25,1,-0.0008408187159262056
2024-08-16,510300.SH,0.25,2,-0.05664988632440872
2024-08-16,588000.SH,0.25,3,-0.06829071889225687
2024-08-16,512880.SH,0.25,4,-0.07548742005991971
2024-08-23,512660.SH,0.25,1,-0.01915518036758993
2024-08-23,512880.SH,0.25,2,-0.08981225609603531
2024-08-23,588000.SH,0.25,3,-0.10158048841780719
2024-08-23,510300.SH,0.25,4,-0.10729262504627816
2024-08-30,512660.SH,0.25,1,-0.07127041592820099
2024-08-30,512880.SH,0.25,2,-0.109003836627747
2024-08-30,588000.SH,0.25,3,-0.15179109352461606
2024-08-30,510300.SH,0.25,4,-0.15543110006068073
2024-09-06,512880.SH,0.25,1,-0.09597630620450753
2024-09-06,512660.SH,0.25,2,-0.12027646518696185
2024-09-06,588000.SH,0.25,3,-0.20055610621996142
2024-09-06,510300.SH,0.25,4,-0.21113728677357863
2024-09-13,512880.SH,0.25,1,-0.05619128422166876
2024-09-13,512660.SH,0.25,2,-0.14615781604045044
2024-09-13,588000.SH,0.25,3,-0.2143112068895645
2024-09-13,510300.SH,0.25,4,-0.23377337870074502
2024-09-20,512880.SH,0.25,1,-0.03015315357713361
2024-09-20,512660.SH,0.25,2,-0.15391834127689502
2024-09-20,588000.SH,0.25,3,-0.22580350809967806
2024-09-20,510300.SH,0.25,4,-0.2398586780100165
2024-09-27,512880.SH,0.25,1,2.720946713592254e-05
2024-09-27,510300.SH,0.25,2,-0.10988839225975822
2024-09-27,512660.SH,0.25,3,-0.11706384740399114
2024-09-27,512010.SH,0.25,4,-0.14664055698991235
2024-09-30,512880.SH,0.25,1,0.0027114228288370634
2024-09-30,510300.SH,0.25,2,-0.0410817671677093
2024-09-30,512660.SH,0.25,3,-0.06916022791040928
2024-09-30,512010.SH,0.25,4,-0.0750741688702327
2024-10-11,512880.SH,0.25,1,0.07933004861759096
2024-10-11,588000.SH,0.25,2,-3.465515936140205e-05
2024-10-11,510300.SH,0.25,3,-7.972764837157536e-05
2024-10-11,512010.SH,0.25,4,-0.0006360408659080633
2024-10-18,512880.SH,0.25,1,0.3139790233638066
2024-10-18,588000.SH,0.25,2,0.010313660053118021
2024-10-18,159915.SZ,0.25,3,0.004889278161676681
2024-10-18,510300.SH,0.25,4,0.004780275464895416
2024-10-25,512880.SH,0.25,1,0.6988233906182365
2024-10-25,588000.SH,0.25,2,0.11444595019231212
2024-10-25,159915.SZ,0.25,3,0.0847033861111386
2024-10-25,510300.SH,0.25,4,0.04657049202771139
2024-11-01,512880.SH,0.25,1,1.2736016184547883
2024-11-01,588000.SH,0.25,2,0.36225801064497104
2024-11-01,159915.SZ,0.25,3,0.2973167053969333
2024-11-01,516160.SH,0.25,4,0.22355772536389504
2024-11-08,512880.SH,0.25,1,2.1659096615192635
2024-11-08,588000.SH,0.25,2,0.7759837036969066
2024-11-08,159915.SZ,0.25,3,0.675971768940016
2024-11-08,516160.SH,0.25,4,0.5110383631785643
2024-11-15,512880.SH,0.25,1,3.015501915059066
2024-11-15,588000.SH,0.25,2,1.2491280308579595
2024-11-15,159915.SZ,0.25,3,1.1560527520317527
2024-11-15,516160.SH,0.25,4,0.8329083029092493
2024-11-22,512880.SH,0.25,1,3.37939420476201
2024-11-22,588000.SH,0.25,2,1.581018129452116
2024-11-22,159915.SZ,0.25,3,1.4849671740655404
2024-11-22,516160.SH,0.25,4,1.0081366912902656
2024-11-29,512880.SH,0.25,1,3.4991297741208425
2024-11-29,588000.SH,0.25,2,1.915060051953577
2024-11-29,159915.SZ,0.25,3,1.7862689783953956
2024-11-29,516160.SH,0.25,4,1.1852735313763645
2024-12-06,512880.SH,0.25,1,3.650256582291707
2024-12-06,588000.SH,0.25,2,2.3506412668413392
2024-12-06,159915.SZ,0.25,3,2.1358121277963997
2024-12-06,516160.SH,0.25,4,1.3650190448853206
2024-12-13,512880.SH,0.25,1,3.652322453430873
2024-12-13,588000.SH,0.25,2,2.543969043578683
2024-12-13,159915.SZ,0.25,3,2.2817674392492915
2024-12-13,516160.SH,0.25,4,1.427929042770441
2024-12-20,512880.SH,0.25,1,3.3173252597501386
2024-12-20,588000.SH,0.25,2,2.4911206715780563
2024-12-20,159915.SZ,0.25,3,2.120432194468341
2024-12-20,510500.SH,0.25,4,1.33527561466681
2024-12-27,512880.SH,0.25,1,2.744616984616947
2024-12-27,588000.SH,0.25,2,2.3223374034137496
2024-12-27,159915.SZ,0.25,3,1.7554783621222343
2024-12-27,510500.SH,0.25,4,1.1830276832509836
2025-01-03,588000.SH,0.25,1,2.0563521411701697
2025-01-03,512880.SH,0.25,2,2.0245630493804767
2025-01-03,159915.SZ,0.25,3,1.2743638524331806
2025-01-03,510500.SH,0.25,4,0.9027692668313337
2025-01-10,588000.SH,0.25,1,1.5507339277640615
2025-01-10,512880.SH,0.25,2,1.0096168474305318
2025-01-10,159915.SZ,0.25,3,0.6136787607514463
2025-01-10,510500.SH,0.25,4,0.4642941922984237
2025-01-17,588000.SH,0.25,1,1.0224570757277576
2025-01-17,512880.SH,0.25,2,0.4068974944191291
2025-01-17,159915.SZ,0.25,3,0.23345776285669959
2025-01-17,510500.SH,0.25,4,0.19894351904511862
2025-01-24,588000.SH,0.25,1,0.5482776751321509
2025-01-24,512880.SH,0.25,2,0.10558126145200115
2025-01-24,510500.SH,0.25,3,0.05614215717646866
2025-01-24,159915.SZ,0.25,4,0.055990335891210725
2025-01-27,588000.SH,0.25,1,0.46916647299666764
2025-01-27,512880.SH,0.25,2,0.06934987521147086
2025-01-27,510500.SH,0.25,3,0.03773095417553991
2025-01-27,159915.SZ,0.25,4,0.035226084785018985
2025-02-07,588000.SH,0.25,1,0.2644957721424982
2025-02-07,512880.SH,0.25,2,0.010728819074718576
2025-02-07,510500.SH,0.25,3,0.0068441766571225695
2025-02-07,159915.SZ,0.25,4,0.0038869557367214743
2025-02-14,588000.SH,0.25,1,0.06427096590986729
2025-02-14,510500.SH,0.25,2,-0.0006397873960658066
2025-02-14,512880.SH,0.25,3,-0.0033472560009183997
2025-02-14,159915.SZ,0.25,4,-0.007838044285234198
2025-02-21,588000.SH,0.25,1,0.050253650675201086
2025-02-21,510500.SH,0.25,2,-0.0010939472644504063
2025-02-21,510300.SH,0.25,3,-0.009856984641942623
2025-02-21,159915.SZ,0.25,4,-0.011467124384042807
2025-02-28,588000.SH,0.25,1,0.01814584583089566
2025-02-28,510500.SH,0.25,2,-0.002919347985700029
2025-02-28,510300.SH,0.25,3,-0.00835107668545074
2025-02-28,159915.SZ,0.25,4,-0.01253039093236333
2025-03-07,588000.SH,0.25,1,0.009782291863631512
2025-03-07,510500.SH,0.25,2,-0.0045960809233474105
2025-03-07,510300.SH,0.25,3,-0.00924556475591034
2025-03-07,159915.SZ,0.25,4,-0.012843762061941114
2025-03-14,588000.SH,0.25,1,0.0044279652001104
2025-03-14,510500.SH,0.25,2,-0.0017263947536962751
2025-03-14,510300.SH,0.25,3,-0.005972736261234755
2025-03-14,159915.SZ,0.25,4,-0.010750994105640545
2025-03-21,588000.SH,0.25,1,0.0005549167754100122
2025-03-21,510500.SH,0.25,2,-4.070797761530666e-06
2025-03-21,510300.SH,0.25,3,-0.001440709598798128
2025-03-21,159915.SZ,0.25,4,-0.007694246874738265
2025-03-28,588000.SH,0.25,1,0.01768589449733315
2025-03-28,510500.SH,0.25,2,0.0034488721456375562
2025-03-28,510300.SH,0.25,3,3.393710945075472e-05
2025-03-28,512660.SH,0.25,4,-0.00016506396544388547
2025-04-03,588000.SH,0.25,1,0.016603573651666145
2025-04-03,510500.SH,0.25,2,0.006672797913865496
2025-04-03,510300.SH,0.25,3,0.0002567973816295518
2025-04-03,512660.SH,0.25,4,-5.960807595662125e-07
2025-04-11,588000.SH,0.25,1,0.00817624142536178
2025-04-11,510500.SH,0.25,2,6.662316195362991e-05
2025-04-11,159928.SZ,0.25,3,-0.000164647720032641
2025-04-11,512660.SH,0.25,4,-0.00019968873842049118
2025-04-18,588000.SH,0.25,1,0.005196582369440032
2025-04-18,159928.SZ,0.25,2,0.00028924706162245737
2025-04-18,510500.SH,0.25,3,-1.1008442344712119e-05
2025-04-18,512660.SH,0.25,4,-0.00010908575544218573
2025-04-25,159928.SZ,0.25,1,0.005230738883478578
2025-04-25,588000.SH,0.25,2,0.0023496170275958458
2025-04-25,512660.SH,0.25,3,-9.473237922628014e-06
2025-04-25,510500.SH,0.25,4,-2.6854957199930826e-05
2025-04-30,159928.SZ,0.25,1,0.021815018322704553
2025-04-30,588000.SH,0.25,2,0.0006533519181471977
2025-04-30,512660.SH,0.25,3,4.445158219906346e-07
2025-04-30,510500.SH,0.25,4,-1.5889602422055117e-06
2025-05-09,159928.SZ,0.25,1,0.056156089685153746
2025-05-09,512660.SH,0.25,2,0.00045701277024933596
2025-05-09,512010.SH,0.25,3,2.2240272285249988e-05
2025-05-09,510500.SH,0.25,4,2.0753932743419947e-06
2025-05-16,159928.SZ,0.25,1,0.12533646346576469
2025-05-16,512660.SH,0.25,2,0.00612260419514517
2025-05-16,512010.SH,0.25,3,0.003794539601298814
2025-05-16,510500.SH,0.25,4,0.00011220376888691828
2025-05-23,159928.SZ,0.25,1,0.18065976538902367
2025-05-23,512010.SH,0.25,2,0.017781917289886647
2025-05-23,512660.SH,0.25,3,0.011710113079543848
2025-05-23,510500.SH,0.25,4,6.096875257130657e-06
2025-05-30,159928.SZ,0.25,1,0.1490913693014248
2025-05-30,512010.SH,0.25,2,0.016047520246639264
2025-05-30,512660.SH,0.25,3,0.002989110648243082
2025-05-30,510300.SH,0.25,4,-0.00020515536624100513
2025-06-06,159928.SZ,0.25,1,0.12508457066285275
2025-06-06,512010.SH,0.25,2,0.01696317185390399
2025-06-06,512660.SH,0.25,3,0.0010067451053550763
2025-06-06,510300.SH,0.25,4,-0.0011265989633138622
2025-06-13,159928.SZ,0.25,1,0.08014248075081305
2025-06-13,512010.SH,0.25,2,0.0199709188559121
2025-06-13,512660.SH,0.25,3,0.0001563831368299054
2025-06-13,510300.SH,0.25,4,-0.002254954691217694
2025-06-20,159928.SZ,0.25,1,0.01669831036777028
2025-06-20,512010.SH,0.25,2,0.011139557412730126
2025-06-20,512660.SH,0.25,3,8.138347576362872e-07
2025-06-20,510300.SH,0.25,4,-0.003754290327089803
2025-06-27,512010.SH,0.25,1,0.009276727664264897
2025-06-27,512660.SH,0.25,2,0.00037656340614082996
2025-06-27,159928.SZ,0.25,3,0.0003448980928098211
2025-06-27,510300.SH,0.25,4,-0.0005611675756880778
2025-07-04,512010.SH,0.25,1,0.018658706976742153
2025-07-04,512660.SH,0.25,2,0.006059724209773812
2025-07-04,510300.SH,0.25,3,5.8441448083163975e-05
2025-07-04,159928.SZ,0.25,4,-0.0009400506644804081
2025-07-11,512010.SH,0.25,1,0.03957269145606179
2025-07-11,512660.SH,0.25,2,0.020445186828333184
2025-07-11,510300.SH,0.25,3,0.005876017852410284
2025-07-11,512880.SH,0.25,4,0.000514209662182752
2025-07-18,512010.SH,0.25,1,0.07003432978108134
2025-07-18,512660.SH,0.25,2,0.052556868490072066
2025-07-18,510300.SH,0.25,3,0.02695607372926665
2025-07-18,512880.SH,0.25,4,0.018047413549120747
2025-07-25,512660.SH,0.25,1,0.18589584852954089
2025-07-25,512010.SH,0.25,2,0.12638275752357672
2025-07-25,512880.SH,0.25,3,0.1033679919319816
2025-07-25,159915.SZ,0.25,4,0.09946511657626841
2025-08-01,512660.SH,0.25,1,0.4021952751616814
2025-08-01,159915.SZ,0.25,2,0.3501686567416572
2025-08-01,512880.SH,0.25,3,0.30399552065947394
2025-08-01,512010.SH,0.25,4,0.2548557674108231
2025-08-08,159915.SZ,0.25,1,0.6678688321648263
2025-08-08,512660.SH,0.25,2,0.6207520003322478
2025-08-08,512880.SH,0.25,3,0.5260210388024733
2025-08-08,516160.SH,0.25,4,0.3798795507254604
2025-08-15,159915.SZ,0.25,1,0.9709702158320028
2025-08-15,512660.SH,0.25,2,0.7539925712173081
2025-08-15,512880.SH,0.25,3,0.7164473114720643
2025-08-15,516160.SH,0.25,4,0.6262149088439992
2025-08-22,159915.SZ,0.25,1,1.1015202294735906
2025-08-22,512660.SH,0.25,2,0.8549798098599142
2025-08-22,512880.SH,0.25,3,0.8246291170472948
2025-08-22,516160.SH,0.25,4,0.6929675287349076
2025-08-29,159915.SZ,0.25,1,1.3097426250819213
2025-08-29,512660.SH,0.25,2,0.9605321609378243
2025-08-29,512880.SH,0.25,3,0.9428791813859139
2025-08-29,516160.SH,0.25,4,0.7938539978213223
2025-09-05,159915.SZ,0.25,1,1.5835485774756914
2025-09-05,512880.SH,0.25,2,0.9488113251749947
2025-09-05,516160.SH,0.25,3,0.9399695840355549
2025-09-05,512660.SH,0.25,4,0.8728449434458482
2025-09-12,159915.SZ,0.25,1,1.9274682938488157
2025-09-12,516160.SH,0.25,2,1.1848356776920512
2025-09-12,510500.SH,0.25,3,0.9553547128901435
2025-09-12,512880.SH,0.25,4,0.8992502251766596
2025-09-19,159915.SZ,0.25,1,2.4851201880798657
2025-09-19,516160.SH,0.25,2,1.58355652074694
2025-09-19,588000.SH,0.25,3,1.251664384801683
2025-09-19,510500.SH,0.25,4,1.1286689492577668
2025-09-26,159915.SZ,0.25,1,3.028154140360934
2025-09-26,516160.SH,0.25,2,2.0186977722430135
2025-09-26,588000.SH,0.25,3,1.777818247409327
2025-09-26,510500.SH,0.25,4,1.2588960936198894
2025-09-30,159915.SZ,0.25,1,3.2159197776482444
2025-09-30,516160.SH,0.25,2,2.2141129136830044
2025-09-30,588000.SH,0.25,3,2.0022402885186024
2025-09-30,510500.SH,0.25,4,1.2957436383664505
2025-10-10,159915.SZ,0.25,1,3.3237982367293286
2025-10-10,516160.SH,0.25,2,2.3931903899279368
2025-10-10,588000.SH,0.25,3,2.2205214961967368
2025-10-10,510500.SH,0.25,4,1.3275948010589222
2025-10-17,159915.SZ,0.25,1,3.2339336573991537
2025-10-17,516160.SH,0.25,2,2.6608859435420897
2025-10-17,588000.SH,0.25,3,2.6037868582046286
2025-10-17,510500.SH,0.25,4,1.3056044854837143
2025-10-24,159915.SZ,0.25,1,3.1290704984460773
2025-10-24,588000.SH,0.25,2,2.82124657082964
2025-10-24,516160.SH,0.25,3,2.7467166506263374
2025-10-24,510500.SH,0.25,4,1.2246127776312326
2025-10-31,159915.SZ,0.25,1,3.055064122642714
2025-10-31,588000.SH,0.25,2,2.913805631043108
2025-10-31,516160.SH,0.25,3,2.8581452237773184
2025-10-31,510500.SH,0.25,4,1.1535794855010397
2025-11-07,516160.SH,0.25,1,2.980416022127546
2025-11-07,159915.SZ,0.25,2,2.72900846302441
2025-11-07,588000.SH,0.25,3,2.662861796833205
2025-11-07,510500.SH,0.25,4,0.9998995915913916
2025-11-14,516160.SH,0.25,1,3.112227324057663
2025-11-14,159915.SZ,0.25,2,2.3338239326328303
2025-11-14,588000.SH,0.25,3,2.2643966638097894
2025-11-14,510500.SH,0.25,4,0.8544215118206533
2025-11-21,516160.SH,0.25,1,2.978444526610983
2025-11-21,159915.SZ,0.25,2,1.7393864953122482
2025-11-21,588000.SH,0.25,3,1.604050589217613
2025-11-21,510500.SH,0.25,4,0.6121116123095227
2025-11-28,516160.SH,0.25,1,2.4475518148497803
2025-11-28,159915.SZ,0.25,2,1.1923339387427754
2025-11-28,588000.SH,0.25,3,0.9891825223204581
2025-11-28,510300.SH,0.25,4,0.37472376090691006
2025-12-05,516160.SH,0.25,1,1.971243908850944
2025-12-05,159915.SZ,0.25,2,0.826929552888103
2025-12-05,588000.SH,0.25,3,0.556601972607887
2025-12-05,510300.SH,0.25,4,0.2761031757882321
2025-12-12,516160.SH,0.25,1,1.5348112424631393
2025-12-12,159915.SZ,0.25,2,0.6008342542633817
2025-12-12,588000.SH,0.25,3,0.2936547592785701
2025-12-12,510300.SH,0.25,4,0.19555262048253869
2025-12-19,516160.SH,0.25,1,0.9589874352444249
2025-12-19,159915.SZ,0.25,2,0.3458928577127355
2025-12-19,510300.SH,0.25,3,0.10590571760232
2025-12-19,588000.SH,0.25,4,0.08997464714768906
2025-12-26,516160.SH,0.25,1,0.6200391379739971
2025-12-26,159915.SZ,0.25,2,0.2062172245531518
2025-12-26,510300.SH,0.25,3,0.05958605154972249
2025-12-26,510500.SH,0.25,4,0.022765341962898252
2025-12-31,516160.SH,0.25,1,0.4694977241673764
2025-12-31,159915.SZ,0.25,2,0.15100637952645374
2025-12-31,510300.SH,0.25,3,0.04030860599825788
2025-12-31,510500.SH,0.25,4,0.01640189947793197
