symbol,momentum_score,date,rank,buy_signal,target_weight
588000.SH,0.10944688411795692,2023-05-19,1,True,0.25
512880.SH,0.002482813276297994,2023-05-19,2,True,0.25
510500.SH,0.0015964555286286037,2023-05-19,3,True,0.25
512660.SH,-0.005173906189686147,2023-05-19,4,True,0.25
510300.SH,-0.006425095712957125,2023-05-19,5,False,0.0
159915.SZ,-0.1355424859701308,2023-05-19,6,False,0.0
159928.SZ,-0.19305241794089265,2023-05-19,7,False,0.0
512010.SH,-0.2036454967190971,2023-05-19,8,False,0.0
516160.SH,-0.33725475743767175,2023-05-19,9,False,0.0
588000.SH,0.057556720288431305,2023-05-26,1,True,0.25
512880.SH,-9.207924748440154e-05,2023-05-26,2,True,0.25
510500.SH,-0.001139501592844472,2023-05-26,3,True,0.25
512660.SH,-0.01926719331548194,2023-05-26,4,True,0.25
510300.SH,-0.04929354433994068,2023-05-26,5,False,0.0
159915.SZ,-0.21911205442574486,2023-05-26,6,False,0.0
512010.SH,-0.26839779577820205,2023-05-26,7,False,0.0
159928.SZ,-0.282753228553253,2023-05-26,8,False,0.0
516160.SH,-0.3912818523623819,2023-05-26,9,False,0.0
588000.SH,0.034065365238947404,2023-06-02,1,True,0.25
512880.SH,-0.006050484086873887,2023-06-02,2,True,0.25
510500.SH,-0.023919722475951172,2023-06-02,3,True,0.25
512660.SH,-0.08533679099400317,2023-06-02,4,True,0.25
510300.SH,-0.09319416426884979,2023-06-02,5,False,0.0
159915.SZ,-0.26017241527942864,2023-06-02,6,False,0.0
512010.SH,-0.2966930946303904,2023-06-02,7,False,0.0
159928.SZ,-0.32867481888984834,2023-06-02,8,False,0.0
516160.SH,-0.4218410035920335,2023-06-02,9,False,0.0
588000.SH,0.021232336125090737,2023-06-09,1,True,0.25
512880.SH,-0.0068034831982263875,2023-06-09,2,True,0.25
510500.SH,-0.059696702338041,2023-06-09,3,True,0.25
510300.SH,-0.10619085385798546,2023-06-09,4,True,0.25
512660.SH,-0.14946666109382778,2023-06-09,5,False,0.0
159915.SZ,-0.2703423010250054,2023-06-09,6,False,0.0
512010.SH,-0.2966398233565522,2023-06-09,7,False,0.0
159928.SZ,-0.35721227870342714,2023-06-09,8,False,0.0
516160.SH,-0.43288034742616377,2023-06-09,9,False,0.0
588000.SH,0.019289013237957776,2023-06-16,1,True,0.25
512880.SH,-0.006191168761199464,2023-06-16,2,True,0.25
510500.SH,-0.06674915767173682,2023-06-16,3,True,0.25
510300.SH,-0.09691476448479353,2023-06-16,4,True,0.25
512660.SH,-0.16180697483664666,2023-06-16,5,False,0.0
159915.SZ,-0.24954514716940157,2023-06-16,6,False,0.0
512010.SH,-0.29394384799428935,2023-06-16,7,False,0.0
159928.SZ,-0.3543267306381145,2023-06-16,8,False,0.0
516160.SH,-0.4121220299524383,2023-06-16,9,False,0.0
588000.SH,0.01828599279649493,2023-06-21,1,True,0.25
512880.SH,-0.00840880074557916,2023-06-21,2,True,0.25
510500.SH,-0.0694339538133811,2023-06-21,3,True,0.25
510300.SH,-0.09318978674286771,2023-06-21,4,True,0.25
512660.SH,-0.14734201215665607,2023-06-21,5,False,0.0
159915.SZ,-0.22499290665872637,2023-06-21,6,False,0.0
512010.SH,-0.2938713615000884,2023-06-21,7,False,0.0
159928.SZ,-0.3593164611346605,2023-06-21,8,False,0.0
516160.SH,-0.3909771252980082,2023-06-21,9,False,0.0
588000.SH,0.005522861401134411,2023-06-30,1,True,0.25
512880.SH,-0.02004966086264676,2023-06-30,2,True,0.25
510500.SH,-0.08167462000836591,2023-06-30,3,True,0.25
510300.SH,-0.09290329364791095,2023-06-30,4,True,0.25
512660.SH,-0.10913472144597273,2023-06-30,5,False,0.0
159915.SZ,-0.20155173301020388,2023-06-30,6,False,0.0
512010.SH,-0.2948504191505351,2023-06-30,7,False,0.0
516160.SH,-0.34913421124675764,2023-06-30,8,False,0.0
159928.SZ,-0.3561490731145837,2023-06-30,9,False,0.0
588000.SH,1.5875874897107062e-05,2023-07-07,1,True,0.25
512880.SH,-0.022531487371793807,2023-07-07,2,True,0.25
512660.SH,-0.06538282558779134,2023-07-07,3,True,0.25
510300.SH,-0.08202824921039906,2023-07-07,4,True,0.25
510500.SH,-0.08294399938313987,2023-07-07,5,False,0.0
159915.SZ,-0.18246606918424943,2023-07-07,6,False,0.0
512010.SH,-0.28662793520347574,2023-07-07,7,False,0.0
516160.SH,-0.3067638202733622,2023-07-07,8,False,0.0
159928.SZ,-0.33289619709229823,2023-07-07,9,False,0.0
588000.SH,-0.003977055090214205,2023-07-14,1,True,0.25
512880.SH,-0.022191528525020512,2023-07-14,2,True,0.25
512660.SH,-0.036894254105754164,2023-07-14,3,True,0.25
510300.SH,-0.0659430314074937,2023-07-14,4,True,0.25
510500.SH,-0.07385427052131675,2023-07-14,5,False,0.0
159915.SZ,-0.16088686316972603,2023-07-14,6,False,0.0
516160.SH,-0.2527090766638488,2023-07-14,7,False,0.0
512010.SH,-0.27666655580537125,2023-07-14,8,False,0.0
159928.SZ,-0.2977476918188273,2023-07-14,9,False,0.0
512660.SH,-0.014934360521434974,2023-07-21,1,True,0.25
512880.SH,-0.023081733720483853,2023-07-21,2,True,0.25
588000.SH,-0.04230185578263675,2023-07-21,3,True,0.25
510300.SH,-0.054700333108580856,2023-07-21,4,True,0.25
510500.SH,-0.07117044344106359,2023-07-21,5,False,0.0
159915.SZ,-0.15624798029616102,2023-07-21,6,False,0.0
516160.SH,-0.22488698633756005,2023-07-21,7,False,0.0
159928.SZ,-0.260130897670818,2023-07-21,8,False,0.0
512010.SH,-0.2689973330153147,2023-07-21,9,False,0.0
512660.SH,-0.00720289744269048,2023-07-28,1,True,0.25
512880.SH,-0.011794429135094103,2023-07-28,2,True,0.25
510300.SH,-0.04307000575872295,2023-07-28,3,True,0.25
510500.SH,-0.08228404590382016,2023-07-28,4,True,0.25
588000.SH,-0.1377091104203156,2023-07-28,5,False,0.0
159915.SZ,-0.16410981655081727,2023-07-28,6,False,0.0
159928.SZ,-0.1883187182702424,2023-07-28,7,False,0.0
516160.SH,-0.21842018663308854,2023-07-28,8,False,0.0
512010.SH,-0.23193858510780546,2023-07-28,9,False,0.0
512880.SH,-6.774305022263311e-06,2023-08-04,1,True,0.25
512660.SH,-0.003405459444614919,2023-08-04,2,True,0.25
510300.SH,-0.01717631644542058,2023-08-04,3,True,0.25
510500.SH,-0.06544430016202522,2023-08-04,4,True,0.25
159928.SZ,-0.10855223761166875,2023-08-04,5,False,0.0
159915.SZ,-0.14867498255807868,2023-08-04,6,False,0.0
516160.SH,-0.2046032789106626,2023-08-04,7,False,0.0
588000.SH,-0.20830361565704397,2023-08-04,8,False,0.0
512010.SH,-0.22807023991826708,2023-08-04,9,False,0.0
512880.SH,0.0037048360802221,2023-08-11,1,True,0.25
510300.SH,-0.005797850428950956,2023-08-11,2,True,0.25
512660.SH,-0.0067813693411578726,2023-08-11,3,True,0.25
510500.SH,-0.051380279706932645,2023-08-11,4,True,0.25
159928.SZ,-0.05213651001889649,2023-08-11,5,False,0.0
159915.SZ,-0.11370743622614626,2023-08-11,6,False,0.0
516160.SH,-0.17500820119726526,2023-08-11,7,False,0.0
512010.SH,-0.22546065512871477,2023-08-11,8,False,0.0
588000.SH,-0.24903786538916142,2023-08-11,9,False,0.0
512880.SH,0.027155972480826296,2023-08-18,1,True,0.25
510300.SH,-0.00266673126064552,2023-08-18,2,True,0.25
512660.SH,-0.011895543318425775,2023-08-18,3,True,0.25
159928.SZ,-0.021952757234050397,2023-08-18,4,True,0.25
510500.SH,-0.0459095062018097,2023-08-18,5,False,0.0
159915.SZ,-0.09706557856569711,2023-08-18,6,False,0.0
516160.SH,-0.17626468533804499,2023-08-18,7,False,0.0
512010.SH,-0.21953386640949069,2023-08-18,8,False,0.0
588000.SH,-0.27359187760581843,2023-08-18,9,False,0.0
512880.SH,0.06266391232983115,2023-08-25,1,True,0.25
510300.SH,-0.002968736243487416,2023-08-25,2,True,0.25
159928.SZ,-0.013806435052359619,2023-08-25,3,True,0.25
512660.SH,-0.021535580868250706,2023-08-25,4,True,0.25
510500.SH,-0.04998799501165881,2023-08-25,5,False,0.0
159915.SZ,-0.09454050570106987,2023-08-25,6,False,0.0
516160.SH,-0.18818265912259333,2023-08-25,7,False,0.0
512010.SH,-0.20672065099448322,2023-08-25,8,False,0.0
588000.SH,-0.29914247216227946,2023-08-25,9,False,0.0
512880.SH,0.12017104846010654,2023-09-01,1,True,0.25
510300.SH,-0.0005127357827804134,2023-09-01,2,True,0.25
159928.SZ,-0.004981252999779337,2023-09-01,3,True,0.25
512660.SH,-0.028683773127534316,2023-09-01,4,True,0.25
510500.SH,-0.046081574362040856,2023-09-01,5,False,0.0
159915.SZ,-0.08084912853404268,2023-09-01,6,False,0.0
512010.SH,-0.17562075495095691,2023-09-01,7,False,0.0
516160.SH,-0.19687129653228358,2023-09-01,8,False,0.0
588000.SH,-0.29221655410234415,2023-09-01,9,False,0.0
512880.SH,0.11457032043830374,2023-09-08,1,True,0.25
510300.SH,-0.0003567523006061995,2023-09-08,2,True,0.25
159928.SZ,-0.0008247532251275623,2023-09-08,3,True,0.25
512660.SH,-0.039433594300641917,2023-09-08,4,True,0.25
510500.SH,-0.055719320777955744,2023-09-08,5,False,0.0
159915.SZ,-0.08729347387535377,2023-09-08,6,False,0.0
512010.SH,-0.16985861116515477,2023-09-08,7,False,0.0
516160.SH,-0.23549345942209654,2023-09-08,8,False,0.0
588000.SH,-0.2798744454098629,2023-09-08,9,False,0.0
512880.SH,0.16791273528579362,2023-09-15,1,True,0.25
159928.SZ,-8.529840066036109e-06,2023-09-15,2,True,0.25
510300.SH,-0.000220299385965286,2023-09-15,3,True,0.25
512660.SH,-0.04344405076091538,2023-09-15,4,True,0.25
510500.SH,-0.05946532263448192,2023-09-15,5,False,0.0
159915.SZ,-0.11040770517963625,2023-09-15,6,False,0.0
512010.SH,-0.15600227022801433,2023-09-15,7,False,0.0
516160.SH,-0.2834210966806904,2023-09-15,8,False,0.0
588000.SH,-0.30258836047342635,2023-09-15,9,False,0.0
512880.SH,0.20082524097572702,2023-09-22,1,True,0.25
159928.SZ,2.097971449912951e-07,2023-09-22,2,True,0.25
510300.SH,-0.0006830011323187657,2023-09-22,3,True,0.25
512660.SH,-0.06864572432175353,2023-09-22,4,True,0.25
510500.SH,-0.07564203526811825,2023-09-22,5,False,0.0
512010.SH,-0.12118417057386839,2023-09-22,6,False,0.0
159915.SZ,-0.1305805001274027,2023-09-22,7,False,0.0
516160.SH,-0.310471430017997,2023-09-22,8,False,0.0
588000.SH,-0.34805804555176195,2023-09-22,9,False,0.0
512880.SH,0.1927263593679772,2023-09-28,1,True,0.25
159928.SZ,2.0894874870152458e-10,2023-09-28,2,True,0.25
510300.SH,-0.001725912172676663,2023-09-28,3,True,0.25
512010.SH,-0.07295640622485701,2023-09-28,4,True,0.25
512660.SH,-0.0813349110097079,2023-09-28,5,False,0.0
510500.SH,-0.08799617594610075,2023-09-28,6,False,0.0
159915.SZ,-0.14368292401540045,2023-09-28,7,False,0.0
516160.SH,-0.32951490620838303,2023-09-28,8,False,0.0
588000.SH,-0.36515181244579925,2023-09-28,9,False,0.0
512880.SH,0.12106743421996839,2023-10-13,1,True,0.25
159928.SZ,-0.0011915902641612755,2023-10-13,2,True,0.25
510300.SH,-0.012209661484019963,2023-10-13,3,True,0.25
512010.SH,-0.019769711358148055,2023-10-13,4,True,0.25
512660.SH,-0.10788980192664592,2023-10-13,5,False,0.0
510500.SH,-0.11938761711196147,2023-10-13,6,False,0.0
159915.SZ,-0.1697196572367018,2023-10-13,7,False,0.0
516160.SH,-0.3583961202762367,2023-10-13,8,False,0.0
588000.SH,-0.3677492764930909,2023-10-13,9,False,0.0
512880.SH,0.0642288154126047,2023-10-20,1,True,0.25
512010.SH,-0.011367416734669402,2023-10-20,2,True,0.25
159928.SZ,-0.025952419352435828,2023-10-20,3,True,0.25
510300.SH,-0.050461092653593234,2023-10-20,4,True,0.25
510500.SH,-0.15207367141256956,2023-10-20,5,False,0.0
512660.SH,-0.15827366393497477,2023-10-20,6,False,0.0
159915.SZ,-0.22018449300841747,2023-10-20,7,False,0.0
588000.SH,-0.3598532075652998,2023-10-20,8,False,0.0
516160.SH,-0.42109596568381114,2023-10-20,9,False,0.0
512880.SH,0.025452089427014404,2023-10-27,1,True,0.25
512010.SH,-0.018024359411636194,2023-10-27,2,True,0.25
159928.SZ,-0.07743304702195297,2023-10-27,3,True,0.25
510300.SH,-0.11458537848680428,2023-10-27,4,True,0.25
510500.SH,-0.19953522804799828,2023-10-27,5,False,0.0
512660.SH,-0.25749753042922957,2023-10-27,6,False,0.0
159915.SZ,-0.3090975553709904,2023-10-27,7,False,0.0
588000.SH,-0.36779704782777467,2023-10-27,8,False,0.0
516160.SH,-0.5080862870576256,2023-10-27,9,False,0.0
512880.SH,0.007785546330983168,2023-11-03,1,True,0.25
512010.SH,-0.0011574311036914135,2023-11-03,2,True,0.25
159928.SZ,-0.07219400586967985,2023-11-03,3,True,0.25
510300.SH,-0.14285835759706333,2023-11-03,4,True,0.25
510500.SH,-0.20606642261861102,2023-11-03,5,False,0.0
512660.SH,-0.31115883771988856,2023-11-03,6,False,0.0
159915.SZ,-0.31521160634326906,2023-11-03,7,False,0.0
588000.SH,-0.3332747281496409,2023-11-03,8,False,0.0
516160.SH,-0.5437381795557564,2023-11-03,9,False,0.0
512880.SH,0.0008734400555515003,2023-11-10,1,True,0.25
512010.SH,1.32962735190694e-08,2023-11-10,2,True,0.25
159928.SZ,-0.09189446213454205,2023-11-10,3,True,0.25
510300.SH,-0.18046034973814282,2023-11-10,4,True,0.25
510500.SH,-0.21684877248302248,2023-11-10,5,False,0.0
588000.SH,-0.275201302481306,2023-11-10,6,False,0.0
159915.SZ,-0.29530497947889345,2023-11-10,7,False,0.0
512660.SH,-0.31190663047845774,2023-11-10,8,False,0.0
516160.SH,-0.5430736841100351,2023-11-10,9,False,0.0
512010.SH,0.0004938101849798576,2023-11-17,1,True,0.25
512880.SH,-9.002040422541294e-08,2023-11-17,2,True,0.25
159928.SZ,-0.11985989236607758,2023-11-17,3,True,0.25
510500.SH,-0.1946356495492179,2023-11-17,4,True,0.25
510300.SH,-0.20747215835028385,2023-11-17,5,False,0.0
588000.SH,-0.21084567114055983,2023-11-17,6,False,0.0
512660.SH,-0.24153099836508826,2023-11-17,7,False,0.0
159915.SZ,-0.2671670245746408,2023-11-17,8,False,0.0
516160.SH,-0.5178485954612145,2023-11-17,9,False,0.0
512010.SH,0.0028870456208934547,2023-11-24,1,True,0.25
512880.SH,-0.0025408808347277528,2023-11-24,2,True,0.25
159928.SZ,-0.14457472418365977,2023-11-24,3,True,0.25
588000.SH,-0.17040056551878305,2023-11-24,4,True,0.25
510500.SH,-0.1709877192913359,2023-11-24,5,False,0.0
512660.SH,-0.18499234740908171,2023-11-24,6,False,0.0
510300.SH,-0.2348248193701218,2023-11-24,7,False,0.0
159915.SZ,-0.251868074801861,2023-11-24,8,False,0.0
516160.SH,-0.5017701581071873,2023-11-24,9,False,0.0
512010.SH,0.008137411890280607,2023-12-01,1,True,0.25
512880.SH,-0.03446287194078222,2023-12-01,2,True,0.25
588000.SH,-0.14245652867264233,2023-12-01,3,True,0.25
512660.SH,-0.14973335976411709,2023-12-01,4,True,0.25
510500.SH,-0.151563787697117,2023-12-01,5,False,0.0
159928.SZ,-0.1688482434719072,2023-12-01,6,False,0.0
159915.SZ,-0.2459088313905719,2023-12-01,7,False,0.0
510300.SH,-0.26154898393771325,2023-12-01,8,False,0.0
516160.SH,-0.5044309891254923,2023-12-01,9,False,0.0
512010.SH,0.009238770512672077,2023-12-08,1,True,0.25
512880.SH,-0.11457529228556707,2023-12-08,2,True,0.25
588000.SH,-0.12970393337768843,2023-12-08,3,True,0.25
512660.SH,-0.1353930893504642,2023-12-08,4,True,0.25
510500.SH,-0.14114558185359777,2023-12-08,5,False,0.0
159928.SZ,-0.1856717166644703,2023-12-08,6,False,0.0
159915.SZ,-0.2531377644466873,2023-12-08,7,False,0.0
510300.SH,-0.2921796751778357,2023-12-08,8,False,0.0
516160.SH,-0.5122133782633626,2023-12-08,9,False,0.0
512010.SH,0.010913440851128114,2023-12-15,1,True,0.25
588000.SH,-0.09421927769241864,2023-12-15,2,True,0.25
512880.SH,-0.1077845607583157,2023-12-15,3,True,0.25
510500.SH,-0.10838128271313316,2023-12-15,4,True,0.25
512660.SH,-0.11605623361527576,2023-12-15,5,False,0.0
159928.SZ,-0.1846250598252533,2023-12-15,6,False,0.0
159915.SZ,-0.23430558447933783,2023-12-15,7,False,0.0
510300.SH,-0.2889367947592969,2023-12-15,8,False,0.0
516160.SH,-0.5070922184987815,2023-12-15,9,False,0.0
512010.SH,0.0014505614266167594,2023-12-22,1,True,0.25
588000.SH,-0.07538544220524826,2023-12-22,2,True,0.25
512880.SH,-0.09308298811387561,2023-12-22,3,True,0.25
510500.SH,-0.09867904067100097,2023-12-22,4,True,0.25
512660.SH,-0.12272302226759989,2023-12-22,5,False,0.0
159928.SZ,-0.19073339755913957,2023-12-22,6,False,0.0
159915.SZ,-0.22531371658632687,2023-12-22,7,False,0.0
510300.SH,-0.286203352866924,2023-12-22,8,False,0.0
516160.SH,-0.49768123703646205,2023-12-22,9,False,0.0
512010.SH,9.498864900785261e-06,2023-12-29,1,True,0.25
588000.SH,-0.07613142172788585,2023-12-29,2,True,0.25
512880.SH,-0.08928677187762239,2023-12-29,3,True,0.25
510500.SH,-0.09548699864079321,2023-12-29,4,True,0.25
512660.SH,-0.12240972598303511,2023-12-29,5,False,0.0
159928.SZ,-0.19676456128933417,2023-12-29,6,False,0.0
159915.SZ,-0.2107537384136773,2023-12-29,7,False,0.0
510300.SH,-0.2818697560610383,2023-12-29,8,False,0.0
516160.SH,-0.4548124199773844,2023-12-29,9,False,0.0
512010.SH,-0.0011582739166821451,2024-01-05,1,True,0.25
588000.SH,-0.09732534915421699,2024-01-05,2,True,0.25
512880.SH,-0.09766699916825018,2024-01-05,3,True,0.25
510500.SH,-0.1047101976858281,2024-01-05,4,True,0.25
512660.SH,-0.12191927579116679,2024-01-05,5,False,0.0
159915.SZ,-0.21953793374797045,2024-01-05,6,False,0.0
159928.SZ,-0.2225428579303075,2024-01-05,7,False,0.0
510300.SH,-0.2959292817255721,2024-01-05,8,False,0.0
516160.SH,-0.43157081772799927,2024-01-05,9,False,0.0
512010.SH,-0.01821643376167686,2024-01-12,1,True,0.25
512880.SH,-0.11083569103277395,2024-01-12,2,True,0.25
510500.SH,-0.13806287077418655,2024-01-12,3,True,0.25
588000.SH,-0.14182615078450778,2024-01-12,4,True,0.25
512660.SH,-0.1632034204639696,2024-01-12,5,False,0.0
159915.SZ,-0.24025892470259433,2024-01-12,6,False,0.0
159928.SZ,-0.2519293675252211,2024-01-12,7,False,0.0
510300.SH,-0.31585547585015633,2024-01-12,8,False,0.0
516160.SH,-0.39641225480220676,2024-01-12,9,False,0.0
512010.SH,-0.059278784395760134,2024-01-19,1,True,0.25
512880.SH,-0.14493729436863192,2024-01-19,2,True,0.25
588000.SH,-0.15272105136812628,2024-01-19,3,True,0.25
510500.SH,-0.15472455921996225,2024-01-19,4,True,0.25
512660.SH,-0.19076970465946502,2024-01-19,5,False,0.0
159915.SZ,-0.2476940789387848,2024-01-19,6,False,0.0
159928.SZ,-0.2631033892958081,2024-01-19,7,False,0.0
510300.SH,-0.31477623482061245,2024-01-19,8,False,0.0
516160.SH,-0.3427295786617724,2024-01-19,9,False,0.0
512010.SH,-0.14238150898483248,2024-01-26,1,True,0.25
512880.SH,-0.16084909634892952,2024-01-26,2,True,0.25
510500.SH,-0.17959917263033348,2024-01-26,3,True,0.25
588000.SH,-0.19273731196349958,2024-01-26,4,True,0.25
512660.SH,-0.21303921847860785,2024-01-26,5,False,0.0
159915.SZ,-0.27186516980242986,2024-01-26,6,False,0.0
159928.SZ,-0.275664099824303,2024-01-26,7,False,0.0
510300.SH,-0.3071001976394349,2024-01-26,8,False,0.0
516160.SH,-0.3177579043648014,2024-01-26,9,False,0.0
512880.SH,-0.19146263098194718,2024-02-02,1,True,0.25
510500.SH,-0.21738466362181755,2024-02-02,2,True,0.25
512010.SH,-0.2366714768592759,2024-02-02,3,True,0.25
512660.SH,-0.26007913711000036,2024-02-02,4,True,0.25
588000.SH,-0.2644682976713887,2024-02-02,5,False,0.0
159928.SZ,-0.28542699334614335,2024-02-02,6,False,0.0
510300.SH,-0.3064083264729489,2024-02-02,7,False,0.0
159915.SZ,-0.3201592269867723,2024-02-02,8,False,0.0
516160.SH,-0.33826971463831573,2024-02-02,9,False,0.0
512880.SH,-0.20570691473617103,2024-02-08,1,True,0.25
510500.SH,-0.22931268049141665,2024-02-08,2,True,0.25
159928.SZ,-0.26220696234109997,2024-02-08,3,True,0.25
510300.SH,-0.2798658518683224,2024-02-08,4,True,0.25
512010.SH,-0.2977227945169184,2024-02-08,5,False,0.0
512660.SH,-0.30030298974069286,2024-02-08,6,False,0.0
588000.SH,-0.3166264057991645,2024-02-08,7,False,0.0
159915.SZ,-0.3416141613497768,2024-02-08,8,False,0.0
516160.SH,-0.3531253845867485,2024-02-08,9,False,0.0
510300.SH,-0.18760714038473505,2024-02-23,1,True,0.25
159928.SZ,-0.2006687805509056,2024-02-23,2,True,0.25
512880.SH,-0.20201839162418544,2024-02-23,3,True,0.25
510500.SH,-0.20956048583974132,2024-02-23,4,True,0.25
512660.SH,-0.311029587831826,2024-02-23,5,False,0.0
159915.SZ,-0.31888070059291107,2024-02-23,6,False,0.0
512010.SH,-0.3217033987462625,2024-02-23,7,False,0.0
516160.SH,-0.332871328234211,2024-02-23,8,False,0.0
588000.SH,-0.33435409828478846,2024-02-23,9,False,0.0
510300.SH,-0.09577908341880262,2024-03-01,1,True,0.25
159928.SZ,-0.15544316977667466,2024-03-01,2,True,0.25
510500.SH,-0.16344363176774682,2024-03-01,3,True,0.25
512880.SH,-0.17338489893937178,2024-03-01,4,True,0.25
159915.SZ,-0.2730060978631988,2024-03-01,5,False,0.0
516160.SH,-0.28186668858885555,2024-03-01,6,False,0.0
512660.SH,-0.29239848340455865,2024-03-01,7,False,0.0
588000.SH,-0.2999871934078666,2024-03-01,8,False,0.0
512010.SH,-0.3284706759662909,2024-03-01,9,False,0.0
510300.SH,-0.04281464440920806,2024-03-08,1,True,0.25
510500.SH,-0.1446014619688177,2024-03-08,2,True,0.25
159928.SZ,-0.1506846180282778,2024-03-08,3,True,0.25
512880.SH,-0.15574428802829368,2024-03-08,4,True,0.25
516160.SH,-0.23077718173471845,2024-03-08,5,False,0.0
159915.SZ,-0.2464656958183326,2024-03-08,6,False,0.0
588000.SH,-0.26813041936619064,2024-03-08,7,False,0.0
512660.SH,-0.2819561921366452,2024-03-08,8,False,0.0
512010.SH,-0.36671738354606576,2024-03-08,9,False,0.0
510300.SH,-0.00753411080739836,2024-03-15,1,True,0.25
159928.SZ,-0.07547298078717825,2024-03-15,2,True,0.25
510500.SH,-0.09296055152810836,2024-03-15,3,True,0.25
516160.SH,-0.12150367623781344,2024-03-15,4,True,0.25
512880.SH,-0.12311110619551237,2024-03-15,5,False,0.0
159915.SZ,-0.14951591744641626,2024-03-15,6,False,0.0
588000.SH,-0.21468303784232676,2024-03-15,7,False,0.0
512660.SH,-0.22793893507243415,2024-03-15,8,False,0.0
512010.SH,-0.3289732450250497,2024-03-15,9,False,0.0
510300.SH,-6.033794834624059e-06,2024-03-22,1,True,0.25
159928.SZ,-0.017495805934651557,2024-03-22,2,True,0.25
510500.SH,-0.04364363437478835,2024-03-22,3,True,0.25
516160.SH,-0.04952005165424797,2024-03-22,4,True,0.25
159915.SZ,-0.060625914474381204,2024-03-22,5,False,0.0
512880.SH,-0.07513939942290195,2024-03-22,6,False,0.0
588000.SH,-0.15023146077613245,2024-03-22,7,False,0.0
512660.SH,-0.1573750800264389,2024-03-22,8,False,0.0
512010.SH,-0.2788639944856622,2024-03-22,9,False,0.0
510300.SH,0.0028868244724788656,2024-03-29,1,True,0.25
159928.SZ,-0.0013386205497386066,2024-03-29,2,True,0.25
516160.SH,-0.016075661631811494,2024-03-29,3,True,0.25
159915.SZ,-0.022436708686173524,2024-03-29,4,True,0.25
510500.SH,-0.024035500705380443,2024-03-29,5,False,0.0
512880.SH,-0.05687104925132601,2024-03-29,6,False,0.0
512660.SH,-0.10894486774419476,2024-03-29,7,False,0.0
588000.SH,-0.11974776702991227,2024-03-29,8,False,0.0
512010.SH,-0.2516795330197707,2024-03-29,9,False,0.0
510300.SH,0.016355329511653287,2024-04-03,1,True,0.25
159928.SZ,-8.368447104402819e-10,2024-04-03,2,True,0.25
516160.SH,-0.0026971039209047263,2024-04-03,3,True,0.25
159915.SZ,-0.007131506482971508,2024-04-03,4,True,0.25
510500.SH,-0.010369192118748994,2024-04-03,5,False,0.0
512880.SH,-0.042593551063769323,2024-04-03,6,False,0.0
512660.SH,-0.0721805490957296,2024-04-03,7,False,0.0
588000.SH,-0.10028138903647023,2024-04-03,8,False,0.0
512010.SH,-0.23303863587345863,2024-04-03,9,False,0.0
510300.SH,0.06160259279779556,2024-04-12,1,True,0.25
159928.SZ,0.002942102675184916,2024-04-12,2,True,0.25
516160.SH,-3.312961459682503e-09,2024-04-12,3,True,0.25
159915.SZ,-0.0007858315002642696,2024-04-12,4,True,0.25
510500.SH,-0.0017418382008837763,2024-04-12,5,False,0.0
512880.SH,-0.038196690903297484,2024-04-12,6,False,0.0
512660.SH,-0.04363562769112456,2024-04-12,7,False,0.0
588000.SH,-0.09083263775298275,2024-04-12,8,False,0.0
512010.SH,-0.21447336592410435,2024-04-12,9,False,0.0
510300.SH,0.13587095368481053,2024-04-19,1,True,0.25
159928.SZ,0.024387839504711913,2024-04-19,2,True,0.25
516160.SH,5.539708846388762e-05,2024-04-19,3,True,0.25
159915.SZ,-3.242715457428405e-10,2024-04-19,4,True,0.25
510500.SH,-1.2031073402944813e-06,2024-04-19,5,False,0.0
512660.SH,-0.01967033020369303,2024-04-19,6,False,0.0
512880.SH,-0.039100666541421664,2024-04-19,7,False,0.0
588000.SH,-0.07626409461691107,2024-04-19,8,False,0.0
512010.SH,-0.1942497150661661,2024-04-19,9,False,0.0
510300.SH,0.17616824166272205,2024-04-26,1,True,0.25
159928.SZ,0.07648636029990022,2024-04-26,2,True,0.25
510500.SH,0.0006286827150139273,2024-04-26,3,True,0.25
159915.SZ,0.00043350761458838634,2024-04-26,4,True,0.25
516160.SH,1.4113989824933435e-09,2024-04-26,5,False,0.0
512660.SH,-0.003737508458176959,2024-04-26,6,False,0.0
512880.SH,-0.03125940600647991,2024-04-26,7,False,0.0
588000.SH,-0.06205242502944192,2024-04-26,8,False,0.0
512010.SH,-0.17546031018386266,2024-04-26,9,False,0.0
510300.SH,0.20506599188566216,2024-04-30,1,True,0.25
159928.SZ,0.10640232028984413,2024-04-30,2,True,0.25
510500.SH,0.0039516786900633885,2024-04-30,3,True,0.25
159915.SZ,0.0031898250776141303,2024-04-30,4,True,0.25
516160.SH,2.948180928326735e-07,2024-04-30,5,False,0.0
512660.SH,-0.000878718613922901,2024-04-30,6,False,0.0
512880.SH,-0.019249781471171824,2024-04-30,7,False,0.0
588000.SH,-0.04463405062550077,2024-04-30,8,False,0.0
512010.SH,-0.15009656113715378,2024-04-30,9,False,0.0
510300.SH,0.25034377395905344,2024-05-10,1,True,0.25
159928.SZ,0.1664373871541276,2024-05-10,2,True,0.25
510500.SH,0.029810873492310628,2024-05-10,3,True,0.25
159915.SZ,0.0233723281744067,2024-05-10,4,True,0.25
512660.SH,0.0003939460185608417,2024-05-10,5,False,0.0
516160.SH,-1.8873229360772197e-06,2024-05-10,6,False,0.0
512880.SH,-0.005871482553323748,2024-05-10,7,False,0.0
588000.SH,-0.016725517827407867,2024-05-10,8,False,0.0
512010.SH,-0.08662273060217897,2024-05-10,9,False,0.0
510300.SH,0.2859163526337251,2024-05-17,1,True,0.25
159928.SZ,0.22973153832905296,2024-05-17,2,True,0.25
510500.SH,0.06666996871257394,2024-05-17,3,True,0.25
159915.SZ,0.056152604168684665,2024-05-17,4,True,0.25
512660.SH,0.01434690372290862,2024-05-17,5,False,0.0
516160.SH,-7.249406985042097e-06,2024-05-17,6,False,0.0
512880.SH,-0.0030772966274658776,2024-05-17,7,False,0.0
588000.SH,-0.005236240092561711,2024-05-17,8,False,0.0
512010.SH,-0.0429245193509796,2024-05-17,9,False,0.0
510300.SH,0.3478195436523706,2024-05-24,1,True,0.25
159928.SZ,0.34225790681138424,2024-05-24,2,True,0.25
510500.SH,0.13981106228208115,2024-05-24,3,True,0.25
159915.SZ,0.13591377620009792,2024-05-24,4,True,0.25
512660.SH,0.09631424288477976,2024-05-24,5,False,0.0
516160.SH,0.00017714769257384032,2024-05-24,6,False,0.0
588000.SH,-0.0004581507622633205,2024-05-24,7,False,0.0
512880.SH,-0.0012381864369887217,2024-05-24,8,False,0.0
512010.SH,-0.017233359827958154,2024-05-24,9,False,0.0
510300.SH,0.3075957735007903,2024-05-31,1,True,0.25
159928.SZ,0.307583486229171,2024-05-31,2,True,0.25
510500.SH,0.15229176073210596,2024-05-31,3,True,0.25
512660.SH,0.1512829059064497,2024-05-31,4,True,0.25
159915.SZ,0.13811381130232395,2024-05-31,5,False,0.0
516160.SH,0.0005112470055757575,2024-05-31,6,False,0.0
588000.SH,-0.0003118566273856334,2024-05-31,7,False,0.0
512880.SH,-0.005257538755678064,2024-05-31,8,False,0.0
512010.SH,-0.012215094705498294,2024-05-31,9,False,0.0
510300.SH,0.2399889540541852,2024-06-07,1,True,0.25
159928.SZ,0.22444274328752323,2024-06-07,2,True,0.25
512660.SH,0.17927071326599547,2024-06-07,3,True,0.25
510500.SH,0.13039558389829115,2024-06-07,4,True,0.25
159915.SZ,0.1248324597125792,2024-06-07,5,False,0.0
516160.SH,0.002018371846980002,2024-06-07,6,False,0.0
588000.SH,-0.0002867779966377736,2024-06-07,7,False,0.0
512010.SH,-0.0103553038865785,2024-06-07,8,False,0.0
512880.SH,-0.022327128392531512,2024-06-07,9,False,0.0
510300.SH,0.16037305084218623,2024-06-14,1,True,0.25
512660.SH,0.14115804641687338,2024-06-14,2,True,0.25
159928.SZ,0.10307667164754263,2024-06-14,3,True,0.25
159915.SZ,0.0759679740225871,2024-06-14,4,True,0.25
510500.SH,0.07194523507021314,2024-06-14,5,False,0.0
516160.SH,0.0006330688505739615,2024-06-14,6,False,0.0
588000.SH,-0.0005314241128218717,2024-06-14,7,False,0.0
512010.SH,-0.01165313097761906,2024-06-14,8,False,0.0
512880.SH,-0.05137044577784226,2024-06-14,9,False,0.0
512660.SH,0.08975682668092061,2024-06-21,1,True,0.25
510300.SH,0.08123477389918879,2024-06-21,2,True,0.25
159915.SZ,0.021054945923158642,2024-06-21,3,True,0.25
510500.SH,0.019548956788794977,2024-06-21,4,True,0.25
159928.SZ,0.009278441289542711,2024-06-21,5,False,0.0
516160.SH,-0.00036901096562624413,2024-06-21,6,False,0.0
588000.SH,-0.004777172112318408,2024-06-21,7,False,0.0
512010.SH,-0.041579034068823975,2024-06-21,8,False,0.0
512880.SH,-0.06842633029115171,2024-06-21,9,False,0.0
510300.SH,0.014376203526758136,2024-06-28,1,True,0.25
512660.SH,0.007894508653634506,2024-06-28,2,True,0.25
159915.SZ,-5.810621186363608e-05,2024-06-28,3,True,0.25
510500.SH,-0.0005524385862781875,2024-06-28,4,True,0.25
159928.SZ,-0.0009155478842699401,2024-06-28,5,False,0.0
516160.SH,-0.06194908687323398,2024-06-28,6,False,0.0
588000.SH,-0.07701642693485843,2024-06-28,7,False,0.0
512880.SH,-0.14518122930191601,2024-06-28,8,False,0.0
512010.SH,-0.14737919984303888,2024-06-28,9,False,0.0
510300.SH,0.00026311578333036934,2024-07-05,1,True,0.25
512660.SH,-3.1782472227880853e-06,2024-07-05,2,True,0.25
159915.SZ,-0.01937118784234291,2024-07-05,3,True,0.25
159928.SZ,-0.02359929260892571,2024-07-05,4,True,0.25
510500.SH,-0.024412097456564866,2024-07-05,5,False,0.0
588000.SH,-0.14968384809008917,2024-07-05,6,False,0.0
516160.SH,-0.17680330182404563,2024-07-05,7,False,0.0
512880.SH,-0.18841925480554875,2024-07-05,8,False,0.0
512010.SH,-0.20222677799895766,2024-07-05,9,False,0.0
510300.SH,-0.0006284456171585852,2024-07-12,1,True,0.25
512660.SH,-0.005601781420304472,2024-07-12,2,True,0.25
510500.SH,-0.07408106183698275,2024-07-12,3,True,0.25
159915.SZ,-0.07428480277628122,2024-07-12,4,True,0.25
159928.SZ,-0.07697238512958877,2024-07-12,5,False,0.0
588000.SH,-0.1799550147001838,2024-07-12,6,False,0.0
512880.SH,-0.210504055509903,2024-07-12,7,False,0.0
512010.SH,-0.2392563668334148,2024-07-12,8,False,0.0
516160.SH,-0.28680976573350364,2024-07-12,9,False,0.0
510300.SH,-0.001006128474814856,2024-07-19,1,True,0.25
512660.SH,-0.00880553583927112,2024-07-19,2,True,0.25
159915.SZ,-0.10772887009070459,2024-07-19,3,True,0.25
510500.SH,-0.11446226596803943,2024-07-19,4,True,0.25
159928.SZ,-0.12782147630064639,2024-07-19,5,False,0.0
588000.SH,-0.14072638059109224,2024-07-19,6,False,0.0
512880.SH,-0.20506070050346364,2024-07-19,7,False,0.0
512010.SH,-0.23110381117926293,2024-07-19,8,False,0.0
516160.SH,-0.34375414530635584,2024-07-19,9,False,0.0
510300.SH,-0.003061107960353339,2024-07-26,1,True,0.25
512660.SH,-0.007140938023287306,2024-07-26,2,True,0.25
588000.SH,-0.10666124940659191,2024-07-26,3,True,0.25
159915.SZ,-0.12581111866342007,2024-07-26,4,True,0.25
510500.SH,-0.15732087767037872,2024-07-26,5,False,0.0
512880.SH,-0.18650241056129155,2024-07-26,6,False,0.0
159928.SZ,-0.1877798372896728,2024-07-26,7,False,0.0
512010.SH,-0.21572673086702837,2024-07-26,8,False,0.0
516160.SH,-0.34392318170627595,2024-07-26,9,False,0.0
512660.SH,-0.00019715052896184163,2024-08-02,1,True,0.25
510300.SH,-0.007476055764004432,2024-08-02,2,True,0.25
588000.SH,-0.06662506687148535,2024-08-02,3,True,0.25
512880.SH,-0.1234203831144066,2024-08-02,4,True,0.25
159915.SZ,-0.12831051657063852,2024-08-02,5,False,0.0
510500.SH,-0.17074348746827667,2024-08-02,6,False,0.0
512010.SH,-0.19508254102003192,2024-08-02,7,False,0.0
159928.SZ,-0.23131239036175064,2024-08-02,8,False,0.0
516160.SH,-0.3299093156877627,2024-08-02,9,False,0.0
512660.SH,-0.00018068562659857116,2024-08-09,1,True,0.25
510300.SH,-0.030505462096177022,2024-08-09,2,True,0.25
588000.SH,-0.06499249489036553,2024-08-09,3,True,0.25
512880.SH,-0.09780425961593478,2024-08-09,4,True,0.25
159915.SZ,-0.17158113237562683,2024-08-09,5,False,0.0
512010.SH,-0.1737448535938562,2024-08-09,6,False,0.0
510500.SH,-0.2317880317810617,2024-08-09,7,False,0.0
159928.SZ,-0.26869740898087197,2024-08-09,8,False,0.0
516160.SH,-0.34758486790500304,2024-08-09,9,False,0.0
512660.SH,-0.0008408187159262056,2024-08-16,1,True,0.25
510300.SH,-0.05664988632440872,2024-08-16,2,True,0.25
588000.SH,-0.06829071889225687,2024-08-16,3,True,0.25
512880.SH,-0.07548742005991971,2024-08-16,4,True,0.25
512010.SH,-0.16962164282317532,2024-08-16,5,False,0.0
159915.SZ,-0.20822043825366285,2024-08-16,6,False,0.0
510500.SH,-0.2719570784686596,2024-08-16,7,False,0.0
159928.SZ,-0.29421879097484455,2024-08-16,8,False,0.0
516160.SH,-0.3414163585002953,2024-08-16,9,False,0.0
512660.SH,-0.01915518036758993,2024-08-23,1,True,0.25
512880.SH,-0.08981225609603531,2024-08-23,2,True,0.25
588000.SH,-0.10158048841780719,2024-08-23,3,True,0.25
510300.SH,-0.10729262504627816,2024-08-23,4,True,0.25
512010.SH,-0.20522650062409892,2024-08-23,5,False,0.0
159915.SZ,-0.27884578646440705,2024-08-23,6,False,0.0
510500.SH,-0.32619734300606995,2024-08-23,7,False,0.0
516160.SH,-0.3457390966750026,2024-08-23,8,False,0.0
159928.SZ,-0.3735277618088239,2024-08-23,9,False,0.0
512660.SH,-0.07127041592820099,2024-08-30,1,True,0.25
512880.SH,-0.109003836627747,2024-08-30,2,True,0.25
588000.SH,-0.15179109352461606,2024-08-30,3,True,0.25
510300.SH,-0.15543110006068073,2024-08-30,4,True,0.25
512010.SH,-0.2557124049168982,2024-08-30,5,False,0.0
516160.SH,-0.35889475975491125,2024-08-30,6,False,0.0
159915.SZ,-0.3640821899057422,2024-08-30,7,False,0.0
510500.SH,-0.3792489148459895,2024-08-30,8,False,0.0
159928.SZ,-0.44609483208610506,2024-08-30,9,False,0.0
512880.SH,-0.09597630620450753,2024-09-06,1,True,0.25
512660.SH,-0.12027646518696185,2024-09-06,2,True,0.25
588000.SH,-0.20055610621996142,2024-09-06,3,True,0.25
510300.SH,-0.21113728677357863,2024-09-06,4,True,0.25
512010.SH,-0.27236064741428073,2024-09-06,5,False,0.0
516160.SH,-0.37502010520012236,2024-09-06,6,False,0.0
510500.SH,-0.4133511942902829,2024-09-06,7,False,0.0
159915.SZ,-0.4226957811044257,2024-09-06,8,False,0.0
159928.SZ,-0.48166797825431745,2024-09-06,9,False,0.0
512880.SH,-0.05619128422166876,2024-09-13,1,True,0.25
512660.SH,-0.14615781604045044,2024-09-13,2,True,0.25
588000.SH,-0.2143112068895645,2024-09-13,3,True,0.25
510300.SH,-0.23377337870074502,2024-09-13,4,True,0.25
512010.SH,-0.25409539101366746,2024-09-13,5,False,0.0
516160.SH,-0.3538323186133553,2024-09-13,6,False,0.0
510500.SH,-0.4110729500451731,2024-09-13,7,False,0.0
159915.SZ,-0.41542889727460486,2024-09-13,8,False,0.0
159928.SZ,-0.4920605449527253,2024-09-13,9,False,0.0
512880.SH,-0.03015315357713361,2024-09-20,1,True,0.25
512660.SH,-0.15391834127689502,2024-09-20,2,True,0.25
588000.SH,-0.22580350809967806,2024-09-20,3,True,0.25
510300.SH,-0.2398586780100165,2024-09-20,4,True,0.25
512010.SH,-0.24378132048812884,2024-09-20,5,False,0.0
516160.SH,-0.34199318241632753,2024-09-20,6,False,0.0
510500.SH,-0.4016898302339226,2024-09-20,7,False,0.0
159915.SZ,-0.4090769539637705,2024-09-20,8,False,0.0
159928.SZ,-0.49644664826419294,2024-09-20,9,False,0.0
512880.SH,2.720946713592254e-05,2024-09-27,1,True,0.25
510300.SH,-0.10988839225975822,2024-09-27,2,True,0.25
512660.SH,-0.11706384740399114,2024-09-27,3,True,0.25
512010.SH,-0.14664055698991235,2024-09-27,4,True,0.25
588000.SH,-0.1931667413282698,2024-09-27,5,False,0.0
516160.SH,-0.24666397131786721,2024-09-27,6,False,0.0
510500.SH,-0.2579224180001167,2024-09-27,7,False,0.0
159915.SZ,-0.26105348364465764,2024-09-27,8,False,0.0
159928.SZ,-0.37619364718942344,2024-09-27,9,False,0.0
512880.SH,0.0027114228288370634,2024-09-30,1,True,0.25
510300.SH,-0.0410817671677093,2024-09-30,2,True,0.25
512660.SH,-0.06916022791040928,2024-09-30,3,True,0.25
512010.SH,-0.0750741688702327,2024-09-30,4,True,0.25
588000.SH,-0.09080555996271782,2024-09-30,5,False,0.0
159915.SZ,-0.12461364304594728,2024-09-30,6,False,0.0
510500.SH,-0.15763541324529293,2024-09-30,7,False,0.0
516160.SH,-0.16871306039320447,2024-09-30,8,False,0.0
159928.SZ,-0.2760645194212331,2024-09-30,9,False,0.0
512880.SH,0.07933004861759096,2024-10-11,1,True,0.25
588000.SH,-3.465515936140205e-05,2024-10-11,2,True,0.25
510300.SH,-7.972764837157536e-05,2024-10-11,3,True,0.25
512010.SH,-0.0006360408659080633,2024-10-11,4,True,0.25
159915.SZ,-0.000989937060075261,2024-10-11,5,False,0.0
512660.SH,-0.0029133433976380988,2024-10-11,6,False,0.0
516160.SH,-0.014438820394571086,2024-10-11,7,False,0.0
510500.SH,-0.016178775501539035,2024-10-11,8,False,0.0
159928.SZ,-0.09733509054487006,2024-10-11,9,False,0.0
512880.SH,0.3139790233638066,2024-10-18,1,True,0.25
588000.SH,0.010313660053118021,2024-10-18,2,True,0.25
159915.SZ,0.004889278161676681,2024-10-18,3,True,0.25
510300.SH,0.004780275464895416,2024-10-18,4,True,0.25
512010.SH,0.0018653071208795963,2024-10-18,5,False,0.0
512660.SH,0.0005548874530339804,2024-10-18,6,False,0.0
516160.SH,2.1859706410644073e-05,2024-10-18,7,False,0.0
510500.SH,-8.11920500693287e-08,2024-10-18,8,False,0.0
159928.SZ,-0.022716844477512616,2024-10-18,9,False,0.0
512880.SH,0.6988233906182365,2024-10-25,1,True,0.25
588000.SH,0.11444595019231212,2024-10-25,2,True,0.25
159915.SZ,0.0847033861111386,2024-10-25,3,True,0.25
510300.SH,0.04657049202771139,2024-10-25,4,True,0.25
512010.SH,0.0426455250615177,2024-10-25,5,False,0.0
512660.SH,0.03916060374038398,2024-10-25,6,False,0.0
516160.SH,0.039005636797952305,2024-10-25,7,False,0.0
510500.SH,0.016955567330011894,2024-10-25,8,False,0.0
159928.SZ,-0.00043968367665135047,2024-10-25,9,False,0.0
512880.SH,1.2736016184547883,2024-11-01,1,True,0.25
588000.SH,0.36225801064497104,2024-11-01,2,True,0.25
159915.SZ,0.2973167053969333,2024-11-01,3,True,0.25
516160.SH,0.22355772536389504,2024-11-01,4,True,0.25
512660.SH,0.1691811454622155,2024-11-01,5,False,0.0
512010.SH,0.1352160754600634,2024-11-01,6,False,0.0
510300.SH,0.12752758129711236,2024-11-01,7,False,0.0
510500.SH,0.12595618834491978,2024-11-01,8,False,0.0
159928.SZ,0.001351762037653302,2024-11-01,9,False,0.0
512880.SH,2.1659096615192635,2024-11-08,1,True,0.25
588000.SH,0.7759837036969066,2024-11-08,2,True,0.25
159915.SZ,0.675971768940016,2024-11-08,3,True,0.25
516160.SH,0.5110383631785643,2024-11-08,4,True,0.25
512660.SH,0.3781300553690636,2024-11-08,5,False,0.0
510500.SH,0.3566736362714852,2024-11-08,6,False,0.0
510300.SH,0.262299630528184,2024-11-08,7,False,0.0
512010.SH,0.2564982250349012,2024-11-08,8,False,0.0
159928.SZ,0.02718341944598556,2024-11-08,9,False,0.0
512880.SH,3.015501915059066,2024-11-15,1,True,0.25
588000.SH,1.2491280308579595,2024-11-15,2,True,0.25
159915.SZ,1.1560527520317527,2024-11-15,3,True,0.25
516160.SH,0.8329083029092493,2024-11-15,4,True,0.25
510500.SH,0.6683929014179578,2024-11-15,5,False,0.0
512660.SH,0.650033558916538,2024-11-15,6,False,0.0
510300.SH,0.42205951645612655,2024-11-15,7,False,0.0
512010.SH,0.37683585598734054,2024-11-15,8,False,0.0
159928.SZ,0.09055705816634306,2024-11-15,9,False,0.0
512880.SH,3.37939420476201,2024-11-22,1,True,0.25
588000.SH,1.581018129452116,2024-11-22,2,True,0.25
159915.SZ,1.4849671740655404,2024-11-22,3,True,0.25
516160.SH,1.0081366912902656,2024-11-22,4,True,0.25
510500.SH,0.8949310627579663,2024-11-22,5,False,0.0
512660.SH,0.7634732615595848,2024-11-22,6,False,0.0
510300.SH,0.524608032727016,2024-11-22,7,False,0.0
512010.SH,0.4051723507976095,2024-11-22,8,False,0.0
159928.SZ,0.1363403081751475,2024-11-22,9,False,0.0
512880.SH,3.4991297741208425,2024-11-29,1,True,0.25
588000.SH,1.915060051953577,2024-11-29,2,True,0.25
159915.SZ,1.7862689783953956,2024-11-29,3,True,0.25
516160.SH,1.1852735313763645,2024-11-29,4,True,0.25
510500.SH,1.0930092454398326,2024-11-29,5,False,0.0
512660.SH,0.8278252947030437,2024-11-29,6,False,0.0
510300.SH,0.6186166797844183,2024-11-29,7,False,0.0
512010.SH,0.4315366350738052,2024-11-29,8,False,0.0
159928.SZ,0.197638885918944,2024-11-29,9,False,0.0
512880.SH,3.650256582291707,2024-12-06,1,True,0.25
588000.SH,2.3506412668413392,2024-12-06,2,True,0.25
159915.SZ,2.1358121277963997,2024-12-06,3,True,0.25
516160.SH,1.3650190448853206,2024-12-06,4,True,0.25
510500.SH,1.263785862812165,2024-12-06,5,False,0.0
512660.SH,0.9430042237697531,2024-12-06,6,False,0.0
510300.SH,0.7426020898212764,2024-12-06,7,False,0.0
512010.SH,0.5015528359589858,2024-12-06,8,False,0.0
159928.SZ,0.29456481632160064,2024-12-06,9,False,0.0
512880.SH,3.652322453430873,2024-12-13,1,True,0.25
588000.SH,2.543969043578683,2024-12-13,2,True,0.25
159915.SZ,2.2817674392492915,2024-12-13,3,True,0.25
516160.SH,1.427929042770441,2024-12-13,4,True,0.25
510500.SH,1.3640159076639693,2024-12-13,5,False,0.0
512660.SH,1.0900817108872707,2024-12-13,6,False,0.0
510300.SH,0.7927724651180272,2024-12-13,7,False,0.0
512010.SH,0.49933713734060403,2024-12-13,8,False,0.0
159928.SZ,0.3556410275435738,2024-12-13,9,False,0.0
512880.SH,3.3173252597501386,2024-12-20,1,True,0.25
588000.SH,2.4911206715780563,2024-12-20,2,True,0.25
159915.SZ,2.120432194468341,2024-12-20,3,True,0.25
510500.SH,1.33527561466681,2024-12-20,4,True,0.25
516160.SH,1.2412381559474304,2024-12-20,5,False,0.0
512660.SH,1.145204757230859,2024-12-20,6,False,0.0
510300.SH,0.7372294819295652,2024-12-20,7,False,0.0
512010.SH,0.45734318197123397,2024-12-20,8,False,0.0
159928.SZ,0.3792962633565456,2024-12-20,9,False,0.0
512880.SH,2.744616984616947,2024-12-27,1,True,0.25
588000.SH,2.3223374034137496,2024-12-27,2,True,0.25
159915.SZ,1.7554783621222343,2024-12-27,3,True,0.25
510500.SH,1.1830276832509836,2024-12-27,4,True,0.25
512660.SH,1.023686573498353,2024-12-27,5,False,0.0
516160.SH,0.9534745771805444,2024-12-27,6,False,0.0
510300.SH,0.642753992962266,2024-12-27,7,False,0.0
159928.SZ,0.38607459887265716,2024-12-27,8,False,0.0
512010.SH,0.38171808242008237,2024-12-27,9,False,0.0
588000.SH,2.0563521411701697,2025-01-03,1,True,0.25
512880.SH,2.0245630493804767,2025-01-03,2,True,0.25
159915.SZ,1.2743638524331806,2025-01-03,3,True,0.25
510500.SH,0.9027692668313337,2025-01-03,4,True,0.25
512660.SH,0.7810615473767026,2025-01-03,5,False,0.0
516160.SH,0.6274738406556811,2025-01-03,6,False,0.0
510300.SH,0.5114470174862958,2025-01-03,7,False,0.0
159928.SZ,0.3156792332856557,2025-01-03,8,False,0.0
512010.SH,0.25458682096096125,2025-01-03,9,False,0.0
588000.SH,1.5507339277640615,2025-01-10,1,True,0.25
512880.SH,1.0096168474305318,2025-01-10,2,True,0.25
159915.SZ,0.6136787607514463,2025-01-10,3,True,0.25
510500.SH,0.4642941922984237,2025-01-10,4,True,0.25
512660.SH,0.37523231911273186,2025-01-10,5,False,0.0
510300.SH,0.29395802964157935,2025-01-10,6,False,0.0
516160.SH,0.24268421848598604,2025-01-10,7,False,0.0
159928.SZ,0.14466712950542873,2025-01-10,8,False,0.0
512010.SH,0.0787339694810447,2025-01-10,9,False,0.0
588000.SH,1.0224570757277576,2025-01-17,1,True,0.25
512880.SH,0.4068974944191291,2025-01-17,2,True,0.25
159915.SZ,0.23345776285669959,2025-01-17,3,True,0.25
510500.SH,0.19894351904511862,2025-01-17,4,True,0.25
512660.SH,0.14437044953288414,2025-01-17,5,False,0.0
510300.SH,0.1316609574383051,2025-01-17,6,False,0.0
516160.SH,0.06422752890517555,2025-01-17,7,False,0.0
159928.SZ,0.042324681327480275,2025-01-17,8,False,0.0
512010.SH,0.009733468186928114,2025-01-17,9,False,0.0
588000.SH,0.5482776751321509,2025-01-24,1,True,0.25
512880.SH,0.10558126145200115,2025-01-24,2,True,0.25
510500.SH,0.05614215717646866,2025-01-24,3,True,0.25
159915.SZ,0.055990335891210725,2025-01-24,4,True,0.25
510300.SH,0.03288340571062936,2025-01-24,5,False,0.0
512660.SH,0.028091031835679896,2025-01-24,6,False,0.0
516160.SH,0.003679498138232129,2025-01-24,7,False,0.0
159928.SZ,0.002421411632644305,2025-01-24,8,False,0.0
512010.SH,-3.399283352237471e-07,2025-01-24,9,False,0.0
588000.SH,0.46916647299666764,2025-01-27,1,True,0.25
512880.SH,0.06934987521147086,2025-01-27,2,True,0.25
510500.SH,0.03773095417553991,2025-01-27,3,True,0.25
159915.SZ,0.035226084785018985,2025-01-27,4,True,0.25
510300.SH,0.020709282118188562,2025-01-27,5,False,0.0
512660.SH,0.016117037754698207,2025-01-27,6,False,0.0
516160.SH,0.0009849997609526354,2025-01-27,7,False,0.0
159928.SZ,0.0005983592420957473,2025-01-27,8,False,0.0
512010.SH,-0.00016591105000072755,2025-01-27,9,False,0.0
588000.SH,0.2644957721424982,2025-02-07,1,True,0.25
512880.SH,0.010728819074718576,2025-02-07,2,True,0.25
510500.SH,0.0068441766571225695,2025-02-07,3,True,0.25
159915.SZ,0.0038869557367214743,2025-02-07,4,True,0.25
510300.SH,0.0017090604426744198,2025-02-07,5,False,0.0
512660.SH,0.0010217250774885555,2025-02-07,6,False,0.0
516160.SH,-0.0003742914426589382,2025-02-07,7,False,0.0
159928.SZ,-0.0015123043565385926,2025-02-07,8,False,0.0
512010.SH,-0.0100505570108814,2025-02-07,9,False,0.0
588000.SH,0.06427096590986729,2025-02-14,1,True,0.25
510500.SH,-0.0006397873960658066,2025-02-14,2,True,0.25
512880.SH,-0.0033472560009183997,2025-02-14,3,True,0.25
159915.SZ,-0.007838044285234198,2025-02-14,4,True,0.25
510300.SH,-0.01003603583916497,2025-02-14,5,False,0.0
512660.SH,-0.010602770558035766,2025-02-14,6,False,0.0
516160.SH,-0.06899225364277928,2025-02-14,7,False,0.0
159928.SZ,-0.11979995441106818,2025-02-14,8,False,0.0
512010.SH,-0.1373181284079909,2025-02-14,9,False,0.0
588000.SH,0.050253650675201086,2025-02-21,1,True,0.25
510500.SH,-0.0010939472644504063,2025-02-21,2,True,0.25
510300.SH,-0.009856984641942623,2025-02-21,3,True,0.25
159915.SZ,-0.011467124384042807,2025-02-21,4,True,0.25
512880.SH,-0.0269263145596328,2025-02-21,5,False,0.0
512660.SH,-0.04914663674842496,2025-02-21,6,False,0.0
159928.SZ,-0.12686775401668607,2025-02-21,7,False,0.0
516160.SH,-0.1342584299703403,2025-02-21,8,False,0.0
512010.SH,-0.13674955130430957,2025-02-21,9,False,0.0
588000.SH,0.01814584583089566,2025-02-28,1,True,0.25
510500.SH,-0.002919347985700029,2025-02-28,2,True,0.25
510300.SH,-0.00835107668545074,2025-02-28,3,True,0.25
159915.SZ,-0.01253039093236333,2025-02-28,4,True,0.25
512880.SH,-0.06792560421678331,2025-02-28,5,False,0.0
512660.SH,-0.09593585673479121,2025-02-28,6,False,0.0
512010.SH,-0.11624504234591242,2025-02-28,7,False,0.0
159928.SZ,-0.13866258167751958,2025-02-28,8,False,0.0
516160.SH,-0.1887015107674729,2025-02-28,9,False,0.0
588000.SH,0.009782291863631512,2025-03-07,1,True,0.25
510500.SH,-0.0045960809233474105,2025-03-07,2,True,0.25
510300.SH,-0.00924556475591034,2025-03-07,3,True,0.25
159915.SZ,-0.012843762061941114,2025-03-07,4,True,0.25
512660.SH,-0.09703893615201009,2025-03-07,5,False,0.0
512010.SH,-0.11528569007596268,2025-03-07,6,False,0.0
512880.SH,-0.118855438641156,2025-03-07,7,False,0.0
159928.SZ,-0.16062453827709772,2025-03-07,8,False,0.0
516160.SH,-0.23436409719665732,2025-03-07,9,False,0.0
588000.SH,0.0044279652001104,2025-03-14,1,True,0.25
510500.SH,-0.0017263947536962751,2025-03-14,2,True,0.25
510300.SH,-0.005972736261234755,2025-03-14,3,True,0.25
159915.SZ,-0.010750994105640545,2025-03-14,4,True,0.25
512660.SH,-0.04697225273095533,2025-03-14,5,False,0.0
512010.SH,-0.09679548315122184,2025-03-14,6,False,0.0
159928.SZ,-0.11923873507504658,2025-03-14,7,False,0.0
512880.SH,-0.17426124931429574,2025-03-14,8,False,0.0
516160.SH,-0.20809127635207475,2025-03-14,9,False,0.0
588000.SH,0.0005549167754100122,2025-03-21,1,True,0.25
510500.SH,-4.070797761530666e-06,2025-03-21,2,True,0.25
510300.SH,-0.001440709598798128,2025-03-21,3,True,0.25
159915.SZ,-0.007694246874738265,2025-03-21,4,True,0.25
512660.SH,-0.014282800224473657,2025-03-21,5,False,0.0
159928.SZ,-0.06270232904686923,2025-03-21,6,False,0.0
512010.SH,-0.06745391403156378,2025-03-21,7,False,0.0
516160.SH,-0.15710120003171277,2025-03-21,8,False,0.0
512880.SH,-0.16814461039946926,2025-03-21,9,False,0.0
588000.SH,0.01768589449733315,2025-03-28,1,True,0.25
510500.SH,0.0034488721456375562,2025-03-28,2,True,0.25
510300.SH,3.393710945075472e-05,2025-03-28,3,True,0.25
512660.SH,-0.00016506396544388547,2025-03-28,4,True,0.25
159915.SZ,-0.0007655301287277024,2025-03-28,5,False,0.0
159928.SZ,-0.015613267455057794,2025-03-28,6,False,0.0
512010.SH,-0.025399959265638896,2025-03-28,7,False,0.0
516160.SH,-0.09827433730821902,2025-03-28,8,False,0.0
512880.SH,-0.11773636164078377,2025-03-28,9,False,0.0
588000.SH,0.016603573651666145,2025-04-03,1,True,0.25
510500.SH,0.006672797913865496,2025-04-03,2,True,0.25
510300.SH,0.0002567973816295518,2025-04-03,3,True,0.25
512660.SH,-5.960807595662125e-07,2025-04-03,4,True,0.25
159915.SZ,-0.0006678482098308556,2025-04-03,5,False,0.0
159928.SZ,-0.0040881884237569405,2025-04-03,6,False,0.0
512010.SH,-0.008386795727830581,2025-04-03,7,False,0.0
516160.SH,-0.08098209556564318,2025-04-03,8,False,0.0
512880.SH,-0.11059359211946856,2025-04-03,9,False,0.0
588000.SH,0.00817624142536178,2025-04-11,1,True,0.25
510500.SH,6.662316195362991e-05,2025-04-11,2,True,0.25
159928.SZ,-0.000164647720032641,2025-04-11,3,True,0.25
512660.SH,-0.00019968873842049118,2025-04-11,4,True,0.25
510300.SH,-0.0007553531719754808,2025-04-11,5,False,0.0
512010.SH,-0.008897801924302774,2025-04-11,6,False,0.0
159915.SZ,-0.015595564702149954,2025-04-11,7,False,0.0
516160.SH,-0.10160756433357233,2025-04-11,8,False,0.0
512880.SH,-0.14877430868211913,2025-04-11,9,False,0.0
588000.SH,0.005196582369440032,2025-04-18,1,True,0.25
159928.SZ,0.00028924706162245737,2025-04-18,2,True,0.25
510500.SH,-1.1008442344712119e-05,2025-04-18,3,True,0.25
512660.SH,-0.00010908575544218573,2025-04-18,4,True,0.25
510300.SH,-0.00345082485966807,2025-04-18,5,False,0.0
512010.SH,-0.005686157992601716,2025-04-18,6,False,0.0
159915.SZ,-0.03581140346220971,2025-04-18,7,False,0.0
516160.SH,-0.10917684253626558,2025-04-18,8,False,0.0
512880.SH,-0.1621568255248234,2025-04-18,9,False,0.0
159928.SZ,0.005230738883478578,2025-04-25,1,True,0.25
588000.SH,0.0023496170275958458,2025-04-25,2,True,0.25
512660.SH,-9.473237922628014e-06,2025-04-25,3,True,0.25
510500.SH,-2.6854957199930826e-05,2025-04-25,4,True,0.25
512010.SH,-0.0013349992587283802,2025-04-25,5,False,0.0
510300.SH,-0.004317172338851332,2025-04-25,6,False,0.0
159915.SZ,-0.04681376659215558,2025-04-25,7,False,0.0
516160.SH,-0.10770513291450014,2025-04-25,8,False,0.0
512880.SH,-0.14785072992972348,2025-04-25,9,False,0.0
159928.SZ,0.021815018322704553,2025-04-30,1,True,0.25
588000.SH,0.0006533519181471977,2025-04-30,2,True,0.25
512660.SH,4.445158219906346e-07,2025-04-30,3,True,0.25
510500.SH,-1.5889602422055117e-06,2025-04-30,4,True,0.25
512010.SH,-0.00012666301996787588,2025-04-30,5,False,0.0
510300.SH,-0.003975117792021888,2025-04-30,6,False,0.0
159915.SZ,-0.048726258072300015,2025-04-30,7,False,0.0
516160.SH,-0.10450884645044053,2025-04-30,8,False,0.0
512880.SH,-0.13453314885541667,2025-04-30,9,False,0.0
159928.SZ,0.056156089685153746,2025-05-09,1,True,0.25
512660.SH,0.00045701277024933596,2025-05-09,2,True,0.25
512010.SH,2.2240272285249988e-05,2025-05-09,3,True,0.25
510500.SH,2.0753932743419947e-06,2025-05-09,4,True,0.25
588000.SH,-1.7463828690274298e-05,2025-05-09,5,False,0.0
510300.SH,-0.0029414312334682677,2025-05-09,6,False,0.0
159915.SZ,-0.04561849205074635,2025-05-09,7,False,0.0
516160.SH,-0.09694129298500254,2025-05-09,8,False,0.0
512880.SH,-0.11251963579450615,2025-05-09,9,False,0.0
159928.SZ,0.12533646346576469,2025-05-16,1,True,0.25
512660.SH,0.00612260419514517,2025-05-16,2,True,0.25
512010.SH,0.003794539601298814,2025-05-16,3,True,0.25
510500.SH,0.00011220376888691828,2025-05-16,4,True,0.25
510300.SH,-0.00012199012278908112,2025-05-16,5,False,0.0
588000.SH,-0.000503370012614868,2025-05-16,6,False,0.0
159915.SZ,-0.029333885731982885,2025-05-16,7,False,0.0
512880.SH,-0.06528574352626358,2025-05-16,8,False,0.0
516160.SH,-0.06999745190785293,2025-05-16,9,False,0.0
159928.SZ,0.18065976538902367,2025-05-23,1,True,0.25
512010.SH,0.017781917289886647,2025-05-23,2,True,0.25
512660.SH,0.011710113079543848,2025-05-23,3,True,0.25
510500.SH,6.096875257130657e-06,2025-05-23,4,True,0.25
510300.SH,6.027196607848187e-07,2025-05-23,5,False,0.0
588000.SH,-0.00519981383397586,2025-05-23,6,False,0.0
159915.SZ,-0.028554837009026914,2025-05-23,7,False,0.0
512880.SH,-0.049784155667870374,2025-05-23,8,False,0.0
516160.SH,-0.06151257204939539,2025-05-23,9,False,0.0
159928.SZ,0.1490913693014248,2025-05-30,1,True,0.25
512010.SH,0.016047520246639264,2025-05-30,2,True,0.25
512660.SH,0.002989110648243082,2025-05-30,3,True,0.25
510300.SH,-0.00020515536624100513,2025-05-30,4,True,0.25
510500.SH,-0.0019764135781686334,2025-05-30,5,False,0.0
588000.SH,-0.016327738663008733,2025-05-30,6,False,0.0
159915.SZ,-0.0645962785396686,2025-05-30,7,False,0.0
512880.SH,-0.08748857275964195,2025-05-30,8,False,0.0
516160.SH,-0.09378145851445059,2025-05-30,9,False,0.0
159928.SZ,0.12508457066285275,2025-06-06,1,True,0.25
512010.SH,0.01696317185390399,2025-06-06,2,True,0.25
512660.SH,0.0010067451053550763,2025-06-06,3,True,0.25
510300.SH,-0.0011265989633138622,2025-06-06,4,True,0.25
510500.SH,-0.009965844068208161,2025-06-06,5,False,0.0
588000.SH,-0.023069066262641557,2025-06-06,6,False,0.0
159915.SZ,-0.0890553303969549,2025-06-06,7,False,0.0
512880.SH,-0.09946082650936475,2025-06-06,8,False,0.0
516160.SH,-0.11667314051655306,2025-06-06,9,False,0.0
159928.SZ,0.08014248075081305,2025-06-13,1,True,0.25
512010.SH,0.0199709188559121,2025-06-13,2,True,0.25
512660.SH,0.0001563831368299054,2025-06-13,3,True,0.25
510300.SH,-0.002254954691217694,2025-06-13,4,True,0.25
510500.SH,-0.02221102031331291,2025-06-13,5,False,0.0
588000.SH,-0.0366944056807393,2025-06-13,6,False,0.0
512880.SH,-0.08538413834252785,2025-06-13,7,False,0.0
159915.SZ,-0.09046868546785594,2025-06-13,8,False,0.0
516160.SH,-0.13152960893885415,2025-06-13,9,False,0.0
159928.SZ,0.01669831036777028,2025-06-20,1,True,0.25
512010.SH,0.011139557412730126,2025-06-20,2,True,0.25
512660.SH,8.138347576362872e-07,2025-06-20,3,True,0.25
510300.SH,-0.003754290327089803,2025-06-20,4,True,0.25
510500.SH,-0.0398412289135916,2025-06-20,5,False,0.0
588000.SH,-0.05948628480978913,2025-06-20,6,False,0.0
512880.SH,-0.0708955773497827,2025-06-20,7,False,0.0
159915.SZ,-0.08947133247129449,2025-06-20,8,False,0.0
516160.SH,-0.14633343678392544,2025-06-20,9,False,0.0
512010.SH,0.009276727664264897,2025-06-27,1,True,0.25
512660.SH,0.00037656340614082996,2025-06-27,2,True,0.25
159928.SZ,0.0003448980928098211,2025-06-27,3,True,0.25
510300.SH,-0.0005611675756880778,2025-06-27,4,True,0.25
512880.SH,-0.0197699603728846,2025-06-27,5,False,0.0
510500.SH,-0.023915074331368663,2025-06-27,6,False,0.0
159915.SZ,-0.048786766979173966,2025-06-27,7,False,0.0
588000.SH,-0.06732053736668546,2025-06-27,8,False,0.0
516160.SH,-0.11179603716572825,2025-06-27,9,False,0.0
512010.SH,0.018658706976742153,2025-07-04,1,True,0.25
512660.SH,0.006059724209773812,2025-07-04,2,True,0.25
510300.SH,5.8441448083163975e-05,2025-07-04,3,True,0.25
159928.SZ,-0.0009400506644804081,2025-07-04,4,True,0.25
512880.SH,-0.001553443446644106,2025-07-04,5,False,0.0
510500.SH,-0.00567230917614759,2025-07-04,6,False,0.0
159915.SZ,-0.009370771681016042,2025-07-04,7,False,0.0
516160.SH,-0.05402117810562218,2025-07-04,8,False,0.0
588000.SH,-0.06580192955925854,2025-07-04,9,False,0.0
512010.SH,0.03957269145606179,2025-07-11,1,True,0.25
512660.SH,0.020445186828333184,2025-07-11,2,True,0.25
510300.SH,0.005876017852410284,2025-07-11,3,True,0.25
512880.SH,0.000514209662182752,2025-07-11,4,True,0.25
159915.SZ,-9.099902137257036e-07,2025-07-11,5,False,0.0
510500.SH,-2.9935808174249664e-05,2025-07-11,6,False,0.0
516160.SH,-0.008243079095346115,2025-07-11,7,False,0.0
159928.SZ,-0.014301586453755828,2025-07-11,8,False,0.0
588000.SH,-0.06575244217110525,2025-07-11,9,False,0.0
512010.SH,0.07003432978108134,2025-07-18,1,True,0.25
512660.SH,0.052556868490072066,2025-07-18,2,True,0.25
510300.SH,0.02695607372926665,2025-07-18,3,True,0.25
512880.SH,0.018047413549120747,2025-07-18,4,True,0.25
159915.SZ,0.010012677401729815,2025-07-18,5,False,0.0
510500.SH,0.002135663831666433,2025-07-18,6,False,0.0
516160.SH,-2.688917211424469e-10,2025-07-18,7,False,0.0
159928.SZ,-0.04421845293857186,2025-07-18,8,False,0.0
588000.SH,-0.047031338493971966,2025-07-18,9,False,0.0
512660.SH,0.18589584852954089,2025-07-25,1,True,0.25
512010.SH,0.12638275752357672,2025-07-25,2,True,0.25
512880.SH,0.1033679919319816,2025-07-25,3,True,0.25
159915.SZ,0.09946511657626841,2025-07-25,4,True,0.25
510300.SH,0.09073498681629848,2025-07-25,5,False,0.0
510500.SH,0.04204526610119023,2025-07-25,6,False,0.0
516160.SH,0.017762091090516127,2025-07-25,7,False,0.0
588000.SH,-0.010676827075055864,2025-07-25,8,False,0.0
159928.SZ,-0.024903724629700533,2025-07-25,9,False,0.0
512660.SH,0.4021952751616814,2025-08-01,1,True,0.25
159915.SZ,0.3501686567416572,2025-08-01,2,True,0.25
512880.SH,0.30399552065947394,2025-08-01,3,True,0.25
512010.SH,0.2548557674108231,2025-08-01,4,True,0.25
510300.SH,0.2128658684219811,2025-08-01,5,False,0.0
510500.SH,0.17863655194807082,2025-08-01,6,False,0.0
516160.SH,0.13882580386919388,2025-08-01,7,False,0.0
588000.SH,-1.767269240595391e-05,2025-08-01,8,False,0.0
159928.SZ,-0.014883581548077231,2025-08-01,9,False,0.0
159915.SZ,0.6678688321648263,2025-08-08,1,True,0.25
512660.SH,0.6207520003322478,2025-08-08,2,True,0.25
512880.SH,0.5260210388024733,2025-08-08,3,True,0.25
516160.SH,0.3798795507254604,2025-08-08,4,True,0.25
512010.SH,0.3731374628819059,2025-08-08,5,False,0.0
510500.SH,0.36059095997981855,2025-08-08,6,False,0.0
510300.SH,0.3307252952359236,2025-08-08,7,False,0.0
588000.SH,0.001766135545295604,2025-08-08,8,False,0.0
159928.SZ,-0.01243921657076457,2025-08-08,9,False,0.0
159915.SZ,0.9709702158320028,2025-08-15,1,True,0.25
512660.SH,0.7539925712173081,2025-08-15,2,True,0.25
512880.SH,0.7164473114720643,2025-08-15,3,True,0.25
516160.SH,0.6262149088439992,2025-08-15,4,True,0.25
510500.SH,0.5298235506500566,2025-08-15,5,False,0.0
512010.SH,0.5204959319404073,2025-08-15,6,False,0.0
510300.SH,0.4174337520022495,2025-08-15,7,False,0.0
588000.SH,0.020911187365529764,2025-08-15,8,False,0.0
159928.SZ,-0.009867233601833924,2025-08-15,9,False,0.0
159915.SZ,1.1015202294735906,2025-08-22,1,True,0.25
512660.SH,0.8549798098599142,2025-08-22,2,True,0.25
512880.SH,0.8246291170472948,2025-08-22,3,True,0.25
516160.SH,0.6929675287349076,2025-08-22,4,True,0.25
510500.SH,0.6023691692785423,2025-08-22,5,False,0.0
512010.SH,0.5585103075976344,2025-08-22,6,False,0.0
510300.SH,0.4430288288047844,2025-08-22,7,False,0.0
588000.SH,0.09046852763305141,2025-08-22,8,False,0.0
159928.SZ,-7.976683198664079e-05,2025-08-22,9,False,0.0
159915.SZ,1.3097426250819213,2025-08-29,1,True,0.25
512660.SH,0.9605321609378243,2025-08-29,2,True,0.25
512880.SH,0.9428791813859139,2025-08-29,3,True,0.25
516160.SH,0.7938539978213223,2025-08-29,4,True,0.25
510500.SH,0.7189813350287894,2025-08-29,5,False,0.0
512010.SH,0.5959638297689429,2025-08-29,6,False,0.0
510300.SH,0.5083868577845703,2025-08-29,7,False,0.0
588000.SH,0.2575386415751809,2025-08-29,8,False,0.0
159928.SZ,0.005534838622598934,2025-08-29,9,False,0.0
159915.SZ,1.5835485774756914,2025-09-05,1,True,0.25
512880.SH,0.9488113251749947,2025-09-05,2,True,0.25
516160.SH,0.9399695840355549,2025-09-05,3,True,0.25
512660.SH,0.8728449434458482,2025-09-05,4,True,0.25
510500.SH,0.8217190914974012,2025-09-05,5,False,0.0
512010.SH,0.666007166758868,2025-09-05,6,False,0.0
510300.SH,0.5719032195643022,2025-09-05,7,False,0.0
588000.SH,0.49260315948608746,2025-09-05,8,False,0.0
159928.SZ,0.027430468644112162,2025-09-05,9,False,0.0
159915.SZ,1.9274682938488157,2025-09-12,1,True,0.25
516160.SH,1.1848356776920512,2025-09-12,2,True,0.25
510500.SH,0.9553547128901435,2025-09-12,3,True,0.25
512880.SH,0.8992502251766596,2025-09-12,4,True,0.25
588000.SH,0.816938704049274,2025-09-12,5,False,0.0
512660.SH,0.7375285583339698,2025-09-12,6,False,0.0
512010.SH,0.7306321405525481,2025-09-12,7,False,0.0
510300.SH,0.6332855449223999,2025-09-12,8,False,0.0
159928.SZ,0.07102580269990963,2025-09-12,9,False,0.0
159915.SZ,2.4851201880798657,2025-09-19,1,True,0.25
516160.SH,1.58355652074694,2025-09-19,2,True,0.25
588000.SH,1.251664384801683,2025-09-19,3,True,0.25
510500.SH,1.1286689492577668,2025-09-19,4,True,0.25
512880.SH,0.8413509257319762,2025-09-19,5,False,0.0
512010.SH,0.778726649218636,2025-09-19,6,False,0.0
510300.SH,0.7370877906137324,2025-09-19,7,False,0.0
512660.SH,0.6532562012949855,2025-09-19,8,False,0.0
159928.SZ,0.13238430895956005,2025-09-19,9,False,0.0
159915.SZ,3.028154140360934,2025-09-26,1,True,0.25
516160.SH,2.0186977722430135,2025-09-26,2,True,0.25
588000.SH,1.777818247409327,2025-09-26,3,True,0.25
510500.SH,1.2588960936198894,2025-09-26,4,True,0.25
510300.SH,0.8255426693217366,2025-09-26,5,False,0.0
512010.SH,0.7979025392720852,2025-09-26,6,False,0.0
512880.SH,0.676283662317831,2025-09-26,7,False,0.0
512660.SH,0.5308449757418092,2025-09-26,8,False,0.0
159928.SZ,0.1563306253316068,2025-09-26,9,False,0.0
159915.SZ,3.2159197776482444,2025-09-30,1,True,0.25
516160.SH,2.2141129136830044,2025-09-30,2,True,0.25
588000.SH,2.0022402885186024,2025-09-30,3,True,0.25
510500.SH,1.2957436383664505,2025-09-30,4,True,0.25
510300.SH,0.8570995267781899,2025-09-30,5,False,0.0
512010.SH,0.8031924724225282,2025-09-30,6,False,0.0
512880.SH,0.631334608106983,2025-09-30,7,False,0.0
512660.SH,0.4856431820865334,2025-09-30,8,False,0.0
159928.SZ,0.16296495328756683,2025-09-30,9,False,0.0
159915.SZ,3.3237982367293286,2025-10-10,1,True,0.25
516160.SH,2.3931903899279368,2025-10-10,2,True,0.25
588000.SH,2.2205214961967368,2025-10-10,3,True,0.25
510500.SH,1.3275948010589222,2025-10-10,4,True,0.25
510300.SH,0.8776506053699307,2025-10-10,5,False,0.0
512010.SH,0.8031798785473477,2025-10-10,6,False,0.0
512880.SH,0.5787833056660875,2025-10-10,7,False,0.0
512660.SH,0.4514174178099765,2025-10-10,8,False,0.0
159928.SZ,0.16808704559425014,2025-10-10,9,False,0.0
159915.SZ,3.2339336573991537,2025-10-17,1,True,0.25
516160.SH,2.6608859435420897,2025-10-17,2,True,0.25
588000.SH,2.6037868582046286,2025-10-17,3,True,0.25
510500.SH,1.3056044854837143,2025-10-17,4,True,0.25
510300.SH,0.8736481001172328,2025-10-17,5,False,0.0
512010.SH,0.6946374412768436,2025-10-17,6,False,0.0
512880.SH,0.4302271764626897,2025-10-17,7,False,0.0
512660.SH,0.34371362927107935,2025-10-17,8,False,0.0
159928.SZ,0.18815800449847547,2025-10-17,9,False,0.0
159915.SZ,3.1290704984460773,2025-10-24,1,True,0.25
588000.SH,2.82124657082964,2025-10-24,2,True,0.25
516160.SH,2.7467166506263374,2025-10-24,3,True,0.25
510500.SH,1.2246127776312326,2025-10-24,4,True,0.25
510300.SH,0.8516554934171148,2025-10-24,5,False,0.0
512010.SH,0.5597397165756329,2025-10-24,6,False,0.0
512880.SH,0.2941604922468059,2025-10-24,7,False,0.0
512660.SH,0.19629030089206634,2025-10-24,8,False,0.0
159928.SZ,0.1699147698732946,2025-10-24,9,False,0.0
159915.SZ,3.055064122642714,2025-10-31,1,True,0.25
588000.SH,2.913805631043108,2025-10-31,2,True,0.25
516160.SH,2.8581452237773184,2025-10-31,3,True,0.25
510500.SH,1.1535794855010397,2025-10-31,4,True,0.25
510300.SH,0.8280138042353833,2025-10-31,5,False,0.0
512010.SH,0.3809391807885474,2025-10-31,6,False,0.0
512880.SH,0.20091238375859075,2025-10-31,7,False,0.0
512660.SH,0.11551913055976329,2025-10-31,8,False,0.0
159928.SZ,0.09739502821962229,2025-10-31,9,False,0.0
516160.SH,2.980416022127546,2025-11-07,1,True,0.25
159915.SZ,2.72900846302441,2025-11-07,2,True,0.25
588000.SH,2.662861796833205,2025-11-07,3,True,0.25
510500.SH,0.9998995915913916,2025-11-07,4,True,0.25
510300.SH,0.7603470050893001,2025-11-07,5,False,0.0
512010.SH,0.16737282438222648,2025-11-07,6,False,0.0
512880.SH,0.10842128628319933,2025-11-07,7,False,0.0
159928.SZ,0.040566989792960015,2025-11-07,8,False,0.0
512660.SH,0.039944688354169915,2025-11-07,9,False,0.0
516160.SH,3.112227324057663,2025-11-14,1,True,0.25
159915.SZ,2.3338239326328303,2025-11-14,2,True,0.25
588000.SH,2.2643966638097894,2025-11-14,3,True,0.25
510500.SH,0.8544215118206533,2025-11-14,4,True,0.25
510300.SH,0.682955185271533,2025-11-14,5,False,0.0
512010.SH,0.051543013997113876,2025-11-14,6,False,0.0
512880.SH,0.04672225397684305,2025-11-14,7,False,0.0
159928.SZ,0.021226449799469662,2025-11-14,8,False,0.0
512660.SH,0.008346633021074237,2025-11-14,9,False,0.0
516160.SH,2.978444526610983,2025-11-21,1,True,0.25
159915.SZ,1.7393864953122482,2025-11-21,2,True,0.25
588000.SH,1.604050589217613,2025-11-21,3,True,0.25
510500.SH,0.6121116123095227,2025-11-21,4,True,0.25
510300.SH,0.5386859495211153,2025-11-21,5,False,0.0
512880.SH,0.004370757394676037,2025-11-21,6,False,0.0
159928.SZ,0.004346346893154937,2025-11-21,7,False,0.0
512010.SH,0.0016701697612577936,2025-11-21,8,False,0.0
512660.SH,1.6559695819906751e-06,2025-11-21,9,False,0.0
516160.SH,2.4475518148497803,2025-11-28,1,True,0.25
159915.SZ,1.1923339387427754,2025-11-28,2,True,0.25
588000.SH,0.9891825223204581,2025-11-28,3,True,0.25
510300.SH,0.37472376090691006,2025-11-28,4,True,0.25
510500.SH,0.3701409483338511,2025-11-28,5,False,0.0
159928.SZ,1.8600926393461486e-05,2025-11-28,6,False,0.0
512880.SH,-0.00042115511174216315,2025-11-28,7,False,0.0
512010.SH,-0.0023839926766258154,2025-11-28,8,False,0.0
512660.SH,-0.006503647413473714,2025-11-28,9,False,0.0
516160.SH,1.971243908850944,2025-12-05,1,True,0.25
159915.SZ,0.826929552888103,2025-12-05,2,True,0.25
588000.SH,0.556601972607887,2025-12-05,3,True,0.25
510300.SH,0.2761031757882321,2025-12-05,4,True,0.25
510500.SH,0.22221419402814627,2025-12-05,5,False,0.0
159928.SZ,-0.000520507274824744,2025-12-05,6,False,0.0
512880.SH,-0.017500546293812858,2025-12-05,7,False,0.0
512660.SH,-0.029606503152244553,2025-12-05,8,False,0.0
512010.SH,-0.04126656009978207,2025-12-05,9,False,0.0
516160.SH,1.5348112424631393,2025-12-12,1,True,0.25
159915.SZ,0.6008342542633817,2025-12-12,2,True,0.25
588000.SH,0.2936547592785701,2025-12-12,3,True,0.25
510300.SH,0.19555262048253869,2025-12-12,4,True,0.25
510500.SH,0.12937733396872617,2025-12-12,5,False,0.0
159928.SZ,-0.014875478812140654,2025-12-12,6,False,0.0
512660.SH,-0.034398159127890786,2025-12-12,7,False,0.0
512880.SH,-0.03990144741902491,2025-12-12,8,False,0.0
512010.SH,-0.08541603526970659,2025-12-12,9,False,0.0
516160.SH,0.9589874352444249,2025-12-19,1,True,0.25
159915.SZ,0.3458928577127355,2025-12-19,2,True,0.25
510300.SH,0.10590571760232,2025-12-19,3,True,0.25
588000.SH,0.08997464714768906,2025-12-19,4,True,0.25
510500.SH,0.05202425612864424,2025-12-19,5,False,0.0
512660.SH,-0.02258303892080212,2025-12-19,6,False,0.0
159928.SZ,-0.06237795153491465,2025-12-19,7,False,0.0
512880.SH,-0.09544786416888569,2025-12-19,8,False,0.0
512010.SH,-0.16579390572812397,2025-12-19,9,False,0.0
516160.SH,0.6200391379739971,2025-12-26,1,True,0.25
159915.SZ,0.2062172245531518,2025-12-26,2,True,0.25
510300.SH,0.05958605154972249,2025-12-26,3,True,0.25
510500.SH,0.022765341962898252,2025-12-26,4,True,0.25
588000.SH,0.01101883008068127,2025-12-26,5,False,0.0
512660.SH,-0.0014460032614257397,2025-12-26,6,False,0.0
159928.SZ,-0.134559389199333,2025-12-26,7,False,0.0
512880.SH,-0.14032267595438216,2025-12-26,8,False,0.0
512010.SH,-0.2540071529972192,2025-12-26,9,False,0.0
516160.SH,0.4694977241673764,2025-12-31,1,True,0.25
159915.SZ,0.15100637952645374,2025-12-31,2,True,0.25
510300.SH,0.04030860599825788,2025-12-31,3,True,0.25
510500.SH,0.01640189947793197,2025-12-31,4,True,0.25
588000.SH,0.0004434524756460182,2025-12-31,5,False,0.0
512660.SH,9.537773265439142e-05,2025-12-31,6,False,0.0
512880.SH,-0.12313888725986545,2025-12-31,7,False,0.0
159928.SZ,-0.182608227731494,2025-12-31,8,False,0.0
512010.SH,-0.3051564753676202,2025-12-31,9,False,0.0
