date,cash,holdings_value,portfolio_value,nav,daily_return,turnover
2023-01-03,1000000.0,0.0,1000000.0,1.0,0.0,0.0
2023-01-04,1000000.0,0.0,1000000.0,1.0,0.0,0.0
2023-01-05,1000000.0,0.0,1000000.0,1.0,0.0,0.0
2023-01-06,1000000.0,0.0,1000000.0,1.0,0.0,0.0
2023-01-09,1000000.0,0.0,1000000.0,1.0,0.0,0.0
2023-01-10,1000000.0,0.0,1000000.0,1.0,0.0,0.0
2023-01-11,1000000.0,0.0,1000000.0,1.0,0.0,0.0
2023-01-12,1000000.0,0.0,1000000.0,1.0,0.0,0.0
2023-01-13,1000000.0,0.0,1000000.0,1.0,0.0,0.0
2023-01-16,1000000.0,0.0,1000000.0,1.0,0.0,0.0
2023-01-17,1000000.0,0.0,1000000.0,1.0,0.0,0.0
2023-01-18,1000000.0,0.0,1000000.0,1.0,0.0,0.0
2023-01-19,1000000.0,0.0,1000000.0,1.0,0.0,0.0
2023-01-20,1000000.0,0.0,1000000.0,1.0,0.0,0.0
2023-01-30,1000000.0,0.0,1000000.0,1.0,0.0,0.0
2023-01-31,1000000.0,0.0,1000000.0,1.0,0.0,0.0
2023-02-01,1000000.0,0.0,1000000.0,1.0,0.0,0.0
2023-02-02,1000000.0,0.0,1000000.0,1.0,0.0,0.0
2023-02-03,1000000.0,0.0,1000000.0,1.0,0.0,0.0
2023-02-06,1000000.0,0.0,1000000.0,1.0,0.0,0.0
2023-02-07,1000000.0,0.0,1000000.0,1.0,0.0,0.0
2023-02-08,1000000.0,0.0,1000000.0,1.0,0.0,0.0
2023-02-09,1000000.0,0.0,1000000.0,1.0,0.0,0.0
2023-02-10,1000000.0,0.0,1000000.0,1.0,0.0,0.0
2023-02-13,1000000.0,0.0,1000000.0,1.0,0.0,0.0
2023-02-14,1000000.0,0.0,1000000.0,1.0,0.0,0.0
2023-02-15,1000000.0,0.0,1000000.0,1.0,0.0,0.0
2023-02-16,1000000.0,0.0,1000000.0,1.0,0.0,0.0
2023-02-17,1000000.0,0.0,1000000.0,1.0,0.0,0.0
2023-02-20,1000000.0,0.0,1000000.0,1.0,0.0,0.0
2023-02-21,1000000.0,0.0,1000000.0,1.0,0.0,0.0
2023-02-22,1000000.0,0.0,1000000.0,1.0,0.0,0.0
2023-02-23,1000000.0,0.0,1000000.0,1.0,0.0,0.0
2023-02-24,1000000.0,0.0,1000000.0,1.0,0.0,0.0
2023-02-27,1000000.0,0.0,1000000.0,1.0,0.0,0.0
2023-02-28,1000000.0,0.0,1000000.0,1.0,0.0,0.0
2023-03-01,1000000.0,0.0,1000000.0,1.0,0.0,0.0
2023-03-02,1000000.0,0.0,1000000.0,1.0,0.0,0.0
2023-03-03,1000000.0,0.0,1000000.0,1.0,0.0,0.0
2023-03-06,1000000.0,0.0,1000000.0,1.0,0.0,0.0
2023-03-07,1000000.0,0.0,1000000.0,1.0,0.0,0.0
2023-03-08,1000000.0,0.0,1000000.0,1.0,0.0,0.0
2023-03-09,1000000.0,0.0,1000000.0,1.0,0.0,0.0
2023-03-10,1000000.0,0.0,1000000.0,1.0,0.0,0.0
2023-03-13,1000000.0,0.0,1000000.0,1.0,0.0,0.0
2023-03-14,1000000.0,0.0,1000000.0,1.0,0.0,0.0
2023-03-15,1000000.0,0.0,1000000.0,1.0,0.0,0.0
2023-03-16,1000000.0,0.0,1000000.0,1.0,0.0,0.0
2023-03-17,1000000.0,0.0,1000000.0,1.0,0.0,0.0
2023-03-20,1000000.0,0.0,1000000.0,1.0,0.0,0.0
2023-03-21,1000000.0,0.0,1000000.0,1.0,0.0,0.0
2023-03-22,1000000.0,0.0,1000000.0,1.0,0.0,0.0
2023-03-23,1000000.0,0.0,1000000.0,1.0,0.0,0.0
2023-03-24,1000000.0,0.0,1000000.0,1.0,0.0,0.0
2023-03-27,1000000.0,0.0,1000000.0,1.0,0.0,0.0
2023-03-28,1000000.0,0.0,1000000.0,1.0,0.0,0.0
2023-03-29,1000000.0,0.0,1000000.0,1.0,0.0,0.0
2023-03-30,1000000.0,0.0,1000000.0,1.0,0.0,0.0
2023-03-31,1000000.0,0.0,1000000.0,1.0,0.0,0.0
2023-04-03,1000000.0,0.0,1000000.0,1.0,0.0,0.0
2023-04-04,1000000.0,0.0,1000000.0,1.0,0.0,0.0
2023-04-06,1000000.0,0.0,1000000.0,1.0,0.0,0.0
2023-04-07,1000000.0,0.0,1000000.0,1.0,0.0,0.0
2023-04-10,1000000.0,0.0,1000000.0,1.0,0.0,0.0
2023-04-11,1000000.0,0.0,1000000.0,1.0,0.0,0.0
2023-04-12,1000000.0,0.0,1000000.0,1.0,0.0,0.0
2023-04-13,1000000.0,0.0,1000000.0,1.0,0.0,0.0
2023-04-14,1000000.0,0.0,1000000.0,1.0,0.0,0.0
2023-04-17,1000000.0,0.0,1000000.0,1.0,0.0,0.0
2023-04-18,1000000.0,0.0,1000000.0,1.0,0.0,0.0
2023-04-19,1000000.0,0.0,1000000.0,1.0,0.0,0.0
2023-04-20,1000000.0,0.0,1000000.0,1.0,0.0,0.0
2023-04-21,1000000.0,0.0,1000000.0,1.0,0.0,0.0
2023-04-24,1000000.0,0.0,1000000.0,1.0,0.0,0.0
2023-04-25,1000000.0,0.0,1000000.0,1.0,0.0,0.0
2023-04-26,1000000.0,0.0,1000000.0,1.0,0.0,0.0
2023-04-27,1000000.0,0.0,1000000.0,1.0,0.0,0.0
2023-04-28,1000000.0,0.0,1000000.0,1.0,0.0,0.0
2023-05-04,1000000.0,0.0,1000000.0,1.0,0.0,0.0
2023-05-05,1000000.0,0.0,1000000.0,1.0,0.0,0.0
2023-05-08,1000000.0,0.0,1000000.0,1.0,0.0,0.0
2023-05-09,1000000.0,0.0,1000000.0,1.0,0.0,0.0
2023-05-10,1000000.0,0.0,1000000.0,1.0,0.0,0.0
2023-05-11,1000000.0,0.0,1000000.0,1.0,0.0,0.0
2023-05-12,1000000.0,0.0,1000000.0,1.0,0.0,0.0
2023-05-15,1000000.0,0.0,1000000.0,1.0,0.0,0.0
2023-05-16,1000000.0,0.0,1000000.0,1.0,0.0,0.0
2023-05-17,1000000.0,0.0,1000000.0,1.0,0.0,0.0
2023-05-18,1000000.0,0.0,1000000.0,1.0,0.0,0.0
2023-05-19,1000000.0,0.0,1000000.0,1.0,0.0,0.0
2023-05-22,1000000.0,0.0,1000000.0,1.0,0.0,0.0
2023-05-23,1000000.0,0.0,1000000.0,1.0,0.0,0.0
2023-05-24,1000000.0,0.0,1000000.0,1.0,0.0,0.0
2023-05-25,1000000.0,0.0,1000000.0,1.0,0.0,0.0
2023-05-26,1000000.0,0.0,1000000.0,1.0,0.0,0.0
2023-05-29,1000000.0,0.0,1000000.0,1.0,0.0,0.0
2023-05-30,1000000.0,0.0,1000000.0,1.0,0.0,0.0
2023-05-31,1000000.0,0.0,1000000.0,1.0,0.0,0.0
2023-06-01,1000000.0,0.0,1000000.0,1.0,0.0,0.0
2023-06-02,1000000.0,0.0,1000000.0,1.0,0.0,0.0
2023-06-05,1000000.0,0.0,1000000.0,1.0,0.0,0.0
2023-06-06,1000000.0,0.0,1000000.0,1.0,0.0,0.0
2023-06-07,1000000.0,0.0,1000000.0,1.0,0.0,0.0
2023-06-08,1000000.0,0.0,1000000.0,1.0,0.0,0.0
2023-06-09,1000000.0,0.0,1000000.0,1.0,0.0,0.0
2023-06-12,1000000.0,0.0,1000000.0,1.0,0.0,0.0
2023-06-13,1000000.0,0.0,1000000.0,1.0,0.0,0.0
2023-06-14,1000000.0,0.0,1000000.0,1.0,0.0,0.0
2023-06-15,1000000.0,0.0,1000000.0,1.0,0.0,0.0
2023-06-16,1000000.0,0.0,1000000.0,1.0,0.0,0.0
2023-06-19,1000000.0,0.0,1000000.0,1.0,0.0,0.0
2023-06-20,1000000.0,0.0,1000000.0,1.0,0.0,0.0
2023-06-21,1000000.0,0.0,1000000.0,1.0,0.0,0.0
2023-06-26,1000000.0,0.0,1000000.0,1.0,0.0,0.0
2023-06-27,1000000.0,0.0,1000000.0,1.0,0.0,0.0
2023-06-28,1000000.0,0.0,1000000.0,1.0,0.0,0.0
2023-06-29,1000000.0,0.0,1000000.0,1.0,0.0,0.0
2023-06-30,1000000.0,0.0,1000000.0,1.0,0.0,0.0
2023-07-03,1000000.0,0.0,1000000.0,1.0,0.0,0.0
2023-07-04,1000000.0,0.0,1000000.0,1.0,0.0,0.0
2023-07-05,1000000.0,0.0,1000000.0,1.0,0.0,0.0
2023-07-06,1000000.0,0.0,1000000.0,1.0,0.0,0.0
2023-07-07,1000000.0,0.0,1000000.0,1.0,0.0,0.0
2023-07-10,660305.41068655,343223.0,1003528.41068655,1.0035284106865499,0.0035284106865498543,0.3395927115
2023-07-11,660305.41068655,344402.80000000005,1004708.21068655,1.00470821068655,0.0011756518175631836,0.0
2023-07-12,660305.41068655,341204.8,1001510.21068655,1.00151021068655,-0.0031830137008781456,0.0
2023-07-13,660305.41068655,345186.3,1005491.71068655,1.00549171068655,0.003975496163209913,0.0
2023-07-14,660305.41068655,342280.2,1002585.6106865499,1.0025856106865498,-0.002890227705622528,0.0
2023-07-17,660305.41068655,341164.3,1001469.71068655,1.00146971068655,-0.0011130221580137878,0.0
2023-07-18,660305.41068655,340416.0,1000721.41068655,1.00072141068655,-0.0007472018294862881,0.0
2023-07-19,660305.41068655,336791.1,997096.5106865499,0.9970965106865499,-0.003622286843561362,0.0
2023-07-20,660305.41068655,333155.4,993460.81068655,0.99346081068655,-0.003646286955208189,0.0
2023-07-21,660305.41068655,332374.30000000005,992679.71068655,0.99267971068655,-0.000786241381237951,0.0
2023-07-24,654219.8043338549,338155.1,992374.9043338549,0.9923749043338549,-0.0003070540773764119,0.6728098383194338
2023-07-25,654219.8043338549,347472.19999999995,1001692.0043338549,1.0016920043338549,0.009388689656812943,0.0
2023-07-26,654219.8043338549,348509.8,1002729.604333855,1.002729604333855,0.0010358473418086156,0.0
2023-07-27,654219.8043338549,347988.1,1002207.9043338549,1.002207904333855,-0.0005202798418888488,0.0
2023-07-28,654219.8043338549,361875.0,1016094.8043338549,1.016094804333855,0.013856306600605217,0.0
2023-07-31,654219.8043338549,359309.5,1013529.3043338549,1.013529304333855,-0.002524862826832286,0.0
2023-08-01,654219.8043338549,358707.3,1012927.104333855,1.012927104333855,-0.000594161409467886,0.0
2023-08-02,654219.8043338549,355907.39999999997,1010127.2043338548,1.010127204333855,-0.0027641673206498796,0.0
2023-08-03,654219.8043338549,362544.80000000005,1016764.604333855,1.016764604333855,0.006570855602663794,0.0
2023-08-04,654219.8043338549,362316.1,1016535.9043338549,1.0165359043338549,-0.0002249291517675278,0.0
2023-08-07,626158.5859538299,387805.2,1013963.78595383,1.01396378595383,-0.00253027794597227,0.5186134766636421
2023-08-08,626158.5859538299,386485.9,1012644.48595383,1.01264448595383,-0.0013011312812902798,0.0
2023-08-09,626158.5859538299,385282.1,1011440.6859538299,1.0114406859538299,-0.0011887686317337831,0.0
2023-08-10,626158.5859538299,387548.8,1013707.3859538299,1.01370738595383,0.002241060728007449,0.0
2023-08-11,626158.5859538299,376420.69999999995,1002579.2859538299,1.0025792859538298,-0.010977625451085382,0.0
2023-08-14,626158.5859538299,372875.5,999034.0859538299,0.9990340859538299,-0.003536079439968809,0.0
2023-08-15,626158.5859538299,374187.8,1000346.3859538299,1.00034638595383,0.0013135687945491359,0.0
2023-08-16,626158.5859538299,372702.8,998861.3859538299,0.9988613859538299,-0.001484485794971957,0.0
2023-08-17,626158.5859538299,375309.0,1001467.5859538299,1.00146758595383,0.002609170838565822,0.0
2023-08-18,626158.5859538299,368951.7,995110.28595383,0.99511028595383,-0.006347983788157263,0.0
2023-08-21,599442.33051956,387543.30000000005,986985.6305195601,0.9869856305195601,-0.00816457788543734,0.551189495417846
2023-08-22,599442.33051956,390827.19999999995,990269.53051956,0.99026953051956,0.0033272014287293317,0.0
2023-08-23,599442.33051956,385128.10000000003,984570.4305195601,0.9845704305195602,-0.005755099823186227,0.0
2023-08-24,599442.33051956,387449.4,986891.73051956,0.98689173051956,0.0023576779558318606,0.0
2023-08-25,599442.33051956,386823.60000000003,986265.9305195601,0.9862659305195601,-0.0006341121124507909,0.0
2023-08-28,599442.33051956,393189.1,992631.43051956,0.99263143051956,0.006454141629577137,0.0
2023-08-29,599442.33051956,396021.0,995463.33051956,0.99546333051956,0.0028529219536377326,0.0
2023-08-30,599442.33051956,391081.3,990523.6305195601,0.99052363051956,-0.004962211915351844,0.0
2023-08-31,599442.33051956,386206.2,985648.53051956,0.98564853051956,-0.00492174022889591,0.0
2023-09-01,599442.33051956,387806.9,987249.23051956,0.98724923051956,0.0016240068852497735,0.0
2023-09-04,621437.361256315,370433.2,991870.5612563151,0.9918705612563151,0.004681017309401181,0.2405046221459635
2023-09-05,621437.361256315,367512.19999999995,988949.561256315,0.988949561256315,-0.002944940715147726,0.0
2023-09-06,621437.361256315,365505.80000000005,986943.1612563151,0.9869431612563151,-0.0020288193438814384,0.0
2023-09-07,621437.361256315,362731.5,984168.861256315,0.984168861256315,-0.0028110028104035845,0.0
2023-09-08,621437.361256315,362143.3,983580.661256315,0.9835806612563149,-0.0005976616647362931,0.0
2023-09-11,621437.361256315,367540.1,988977.461256315,0.988977461256315,0.005486891124014903,0.0
2023-09-12,621437.361256315,365536.1,986973.461256315,0.986973461256315,-0.002026335360013398,0.0
2023-09-13,621437.361256315,364728.10000000003,986165.461256315,0.986165461256315,-0.0008186643630432311,0.0
2023-09-14,621437.361256315,367438.89999999997,988876.261256315,0.988876261256315,0.0027488287782322374,0.0
2023-09-15,621437.361256315,368618.30000000005,990055.6612563151,0.9900556612563151,0.0011926669151727243,0.0
2023-09-18,643645.34044248,345552.69999999995,989198.04044248,0.98919804044248,-0.0008662349475854203,0.19420293471785202
2023-09-19,643645.34044248,346551.10000000003,990196.4404424801,0.9901964404424801,0.001009302444183513,0.0
2023-09-20,643645.34044248,345451.80000000005,989097.1404424801,0.9890971404424801,-0.0011101837525377967,0.0
2023-09-21,643645.34044248,343294.69999999995,986940.04044248,0.98694004044248,-0.0021808778044137833,0.0
2023-09-22,643645.34044248,349090.89999999997,992736.24044248,0.99273624044248,0.005872899834321599,0.0
2023-09-25,643645.34044248,345185.5,988830.84044248,0.98883084044248,-0.003933975451786864,0.0
2023-09-26,643645.34044248,343959.3,987604.6404424801,0.9876046404424801,-0.0012400503198820578,0.0
2023-09-27,643645.34044248,343685.19999999995,987330.54044248,0.98733054044248,-0.00027754021070347523,0.0
2023-09-28,643645.34044248,343638.6,987283.94044248,0.98728394044248,-4.7197972807611066e-05,0.0
2023-10-09,643645.34044248,342515.8,986161.1404424801,0.9861611404424802,-0.001137261484772778,0.0
2023-10-10,643645.34044248,341340.8,984986.1404424801,0.9849861404424801,-0.001191488846815414,0.0
2023-10-11,643645.34044248,341536.1,985181.44044248,0.98518144044248,0.00019827690155338473,0.0
2023-10-12,643645.34044248,344552.19999999995,988197.54044248,0.98819754044248,0.003061466524019618,0.0
2023-10-13,643645.34044248,343109.7,986755.04044248,0.98675504044248,-0.0014597283852316734,0.0
2023-10-16,664776.9156412202,318905.1,983682.0156412201,0.9836820156412202,-0.0031142732241650206,0.19306205247715166
2023-10-17,664776.9156412202,319238.4,984015.3156412202,0.9840153156412202,0.00033882900642723257,0.0
2023-10-18,664776.9156412202,315613.5,980390.4156412202,0.9803904156412202,-0.0036837841265081606,0.0
2023-10-19,664776.9156412202,312509.5,977286.4156412202,0.9772864156412202,-0.0031660856231136014,0.0
2023-10-20,664776.9156412202,308462.1,973239.0156412201,0.9732390156412202,-0.004141467573090529,0.0
2023-10-23,664776.9156412202,305024.3,969801.2156412201,0.9698012156412201,-0.003532328590151179,0.0
2023-10-24,664776.9156412202,307744.2,972521.1156412202,0.9725211156412202,0.00280459537081712,0.0
2023-10-25,664776.9156412202,308781.1,973558.0156412201,0.9735580156412201,0.0010661979296111568,0.0
2023-10-26,664776.9156412202,310220.4,974997.3156412202,0.9749973156412202,0.0014783916077687476,0.0
2023-10-27,664776.9156412202,315405.2,980182.1156412202,0.9801821156412203,0.005317758230534375,0.0
2023-10-30,706841.3673621601,278817.7,985659.0673621602,0.9856590673621601,0.005587687873040759,0.2689992538044956
2023-10-31,706841.3673621601,278876.1,985717.4673621601,0.9857174673621601,5.924969589754525e-05,0.0
2023-11-01,706841.3673621601,277518.9,984360.2673621601,0.9843602673621601,-0.0013768651210289695,0.0
2023-11-02,706841.3673621601,275214.1,982055.4673621601,0.9820554673621601,-0.0023414191698090114,0.0
2023-11-03,706841.3673621601,278661.7,985503.0673621602,0.9855030673621602,0.0035105960045827,0.0
2023-11-06,706841.3673621601,286853.3,993694.66736216,0.9936946673621601,0.008312099953099006,0.0
2023-11-07,706841.3673621601,286782.79999999993,993624.16736216,0.9936241673621601,-7.094734662016489e-05,0.0
2023-11-08,706841.3673621601,286536.3,993377.66736216,0.99337766736216,-0.00024808172757551095,0.0
2023-11-09,706841.3673621601,284185.19999999995,991026.5673621601,0.9910265673621601,-0.0023667735618047026,0.0
2023-11-10,706841.3673621601,283648.0,990489.3673621601,0.9904893673621601,-0.0005420641763720369,0.0
2023-11-13,715234.6611121602,273831.9,989066.5611121602,0.9890665611121602,-0.0014364679691505344,0.008489029793820707
2023-11-14,715234.6611121602,276109.5,991344.1611121602,0.9913441611121602,0.002302777274604262,0.0
2023-11-15,715234.6611121602,276843.6,992078.2611121602,0.9920782611121601,0.0007405097329431509,0.0
2023-11-16,715234.6611121602,272922.3,988156.9611121602,0.9881569611121602,-0.003952611556677033,0.0
2023-11-17,715234.6611121602,274186.5,989421.1611121602,0.9894211611121602,0.001279351408481899,0.0
2023-11-20,715234.6611121602,274005.9,989240.5611121602,0.9892405611121602,-0.00018253096567788507,0.0
2023-11-21,715234.6611121602,273044.39999999997,988279.0611121601,0.9882790611121601,-0.0009719577196866114,0.0
2023-11-22,715234.6611121602,269748.6,984983.2611121602,0.9849832611121602,-0.003334888018664439,0.0
2023-11-23,715234.6611121602,271120.19999999995,986354.8611121601,0.9863548611121602,0.0013925109736903085,0.0
2023-11-24,715234.6611121602,268743.6,983978.2611121602,0.9839782611121601,-0.002409477657280723,0.0
2023-11-27,675884.8876432853,306450.1,982334.9876432853,0.9823349876432853,-0.0016700302575968218,0.4165878706371903
2023-11-28,675884.8876432853,308275.1,984159.9876432853,0.9841599876432853,0.0018578183847226537,0.0
2023-11-29,675884.8876432853,307024.4,982909.2876432854,0.9829092876432853,-0.001270829962306208,0.0
2023-11-30,675884.8876432853,305966.2,981851.0876432853,0.9818510876432853,-0.0010765998585050562,0.0
2023-12-01,675884.8876432853,307095.5,982980.3876432853,0.9829803876432853,0.0011501744146464876,0.0
2023-12-04,675884.8876432853,304810.1,980694.9876432853,0.9806949876432853,-0.0023249700896671444,0.0
2023-12-05,675884.8876432853,299047.6,974932.4876432853,0.9749324876432853,-0.005875934997738641,0.0
2023-12-06,675884.8876432853,299866.9,975751.7876432854,0.9757517876432854,0.0008403658821345417,0.0
2023-12-07,675884.8876432853,298105.8,973990.6876432854,0.9739906876432853,-0.001804864743577439,0.0
2023-12-08,675884.8876432853,297216.0,973100.8876432853,0.9731008876432853,-0.0009135610959002394,0.0
2023-12-11,598539.7420473654,378792.5,977332.2420473654,0.9773322420473654,0.00434832036206223,0.43540418699660577
2023-12-12,598539.7420473654,379999.7,978539.4420473655,0.9785394420473654,0.001235199196407466,0.0
2023-12-13,598539.7420473654,376375.9,974915.6420473654,0.9749156420473655,-0.003703274333447526,0.0
2023-12-14,598539.7420473654,376053.60000000003,974593.3420473654,0.9745933420473654,-0.00033059270576807354,0.0
2023-12-15,598539.7420473654,373324.8,971864.5420473653,0.9718645420473654,-0.0027999370427337356,0.0
2023-12-18,598539.7420473654,369964.60000000003,968504.3420473654,0.9685043420473654,-0.003457477718984636,0.0
2023-12-19,598539.7420473654,369436.7,967976.4420473655,0.9679764420473654,-0.0005450672517213206,0.0
2023-12-20,598539.7420473654,365901.69999999995,964441.4420473654,0.9644414420473654,-0.003651948380606451,0.0
2023-12-21,598539.7420473654,365646.29999999993,964186.0420473653,0.9641860420473654,-0.00026481649259890716,0.0
2023-12-22,598539.7420473654,364041.5,962581.2420473654,0.9625812420473654,-0.0016644090766884112,0.0
2023-12-25,652616.9010045005,308155.9,960772.8010045005,0.9607728010045005,-0.001878741205280976,0.3944179389393485
2023-12-26,652616.9010045005,304103.19999999995,956720.1010045004,0.9567201010045004,-0.00421816687125498,0.0
2023-12-27,652616.9010045005,306604.5,959221.4010045005,0.9592214010045005,0.0026144532736103177,0.0
2023-12-28,652616.9010045005,307160.7,959777.6010045004,0.9597776010045004,0.000579845278073865,0.0
2023-12-29,652616.9010045005,308032.2,960649.1010045004,0.9606491010045004,0.0009080228576785476,0.0
2024-01-02,652616.9010045005,310350.6,962967.5010045004,0.9629675010045005,0.0024133682086162622,0.0
2024-01-03,652616.9010045005,310187.8,962804.7010045005,0.9628047010045006,-0.0001690607417489387,0.0
2024-01-04,652616.9010045005,309569.1,962186.0010045004,0.9621860010045005,-0.0006426017647759297,0.0
2024-01-05,652616.9010045005,307412.4,960029.3010045005,0.9600293010045005,-0.002241458509839478,0.0
2024-01-08,639654.1754765954,315647.9,955302.0754765954,0.9553020754765954,-0.004924042967187403,0.347640062653083
2024-01-09,639654.1754765954,318256.3,957910.4754765953,0.9579104754765954,0.002730445235030521,0.0
2024-01-10,639654.1754765954,317194.1,956848.2754765954,0.9568482754765953,-0.0011088718906341333,0.0
2024-01-11,639654.1754765954,317922.80000000005,957576.9754765955,0.9575769754765955,0.0007615627458148477,0.0
2024-01-12,639654.1754765954,318144.1,957798.2754765954,0.9577982754765954,0.00023110413644800154,0.0
2024-01-15,639654.1754765954,317857.30000000005,957511.4754765955,0.9575114754765954,-0.00029943674711385704,0.0
2024-01-16,639654.1754765954,320153.5,959807.6754765954,0.9598076754765954,0.0023980913637164925,0.0
2024-01-17,639654.1754765954,313253.2,952907.3754765955,0.9529073754765954,-0.007189252780848587,0.0
2024-01-18,639654.1754765954,315238.1,954892.2754765954,0.9548922754765954,0.002082993637243291,0.0
2024-01-19,639654.1754765954,313619.6,953273.7754765954,0.9532737754765954,-0.0016949555898252422,0.0
2024-01-22,635157.3388765954,309695.9,944853.2388765954,0.9448532388765954,-0.008833282543401655,0.006373236688445084
2024-01-23,635157.3388765954,312123.30000000005,947280.6388765954,0.9472806388765954,0.002569076233348344,0.0
2024-01-24,635157.3388765954,317579.2,952736.5388765954,0.9527365388765955,0.005759539228491262,0.0
2024-01-25,635157.3388765954,324722.4,959879.7388765954,0.9598797388765954,0.007497560667110381,0.0
2024-01-26,635157.3388765954,325740.4,960897.7388765954,0.9608977388765954,0.0010605495238302787,0.0
2024-01-29,635157.3388765954,322810.6,957967.9388765953,0.9579679388765954,-0.003049023721738986,0.0
2024-01-30,635157.3388765954,317474.39999999997,952631.7388765954,0.9526317388765954,-0.00557033255857986,0.0
2024-01-31,635157.3388765954,315892.10000000003,951049.4388765953,0.9510494388765953,-0.0016609776217051397,0.0
2024-02-01,635157.3388765954,314221.9,949379.2388765954,0.9493792388765954,-0.0017561652756694635,0.0
2024-02-02,635157.3388765954,311794.1,946951.4388765953,0.9469514388765954,-0.0025572499382574554,0.0
2024-02-05,597577.1897984955,348684.8,946261.9897984955,0.9462619897984955,-0.000728072264104429,0.15307725660353574
2024-02-06,597577.1897984955,360142.3,957719.4897984955,0.9577194897984955,0.012108168904089611,0.0
2024-02-07,597577.1897984955,364761.39999999997,962338.5897984954,0.9623385897984954,0.004823019735112233,0.0
2024-02-08,597577.1897984955,366529.0,964106.1897984955,0.9641061897984955,0.0018367755577277656,0.0
2024-02-19,597577.1897984955,370358.30000000005,967935.4897984955,0.9679354897984955,0.003971865382173645,0.0
2024-02-20,597577.1897984955,374423.2,972000.3897984955,0.9720003897984955,0.00419955672959782,0.0
2024-02-21,597577.1897984955,376869.30000000005,974446.4897984955,0.9744464897984956,0.0025165627767980148,0.0
2024-02-22,597577.1897984955,382141.69999999995,979718.8897984955,0.9797188897984954,0.005410661391053173,0.0
2024-02-23,597577.1897984955,381375.5,978952.6897984955,0.9789526897984955,-0.0007820610666775529,0.0
2024-02-26,597577.1897984955,375469.3,973046.4897984955,0.9730464897984955,-0.006033182258496694,0.0
2024-02-27,597577.1897984955,379498.60000000003,977075.7897984956,0.9770757897984956,0.00414091211698886,0.0
2024-02-28,597577.1897984955,376268.8,973845.9897984955,0.9738459897984956,-0.003305577759393774,0.0
2024-02-29,597577.1897984955,381326.1,978903.2897984955,0.9789032897984955,0.005193120937989848,0.0
2024-03-01,597577.1897984955,382851.1,980428.2897984955,0.9804282897984955,0.0015578658442489957,0.0
2024-03-04,656566.9901247756,324856.6,981423.5901247755,0.9814235901247755,0.0010151689181516765,0.17317578079565177
2024-03-05,656566.9901247756,326720.3,983287.2901247756,0.9832872901247756,0.0018989761594818688,0.0
2024-03-06,656566.9901247756,326059.1,982626.0901247755,0.9826260901247755,-0.000672438265642783,0.0
2024-03-07,656566.9901247756,325638.2,982205.1901247755,0.9822051901247755,-0.0004283419748671857,0.0
2024-03-08,656566.9901247756,327647.4,984214.3901247756,0.9842143901247756,0.0020456010823408644,0.0
2024-03-11,656566.9901247756,328762.19999999995,985329.1901247755,0.9853291901247755,0.0011326800453086427,0.0
2024-03-12,656566.9901247756,324864.30000000005,981431.2901247756,0.9814312901247756,-0.00395593679662154,0.0
2024-03-13,656566.9901247756,323075.2,979642.1901247755,0.9796421901247755,-0.0018229498264443755,0.0
2024-03-14,656566.9901247756,322839.9,979406.8901247756,0.9794068901247756,-0.0002401897369997963,0.0
2024-03-15,656566.9901247756,323641.2,980208.1901247755,0.9802081901247756,0.000818148216108483,0.0
2024-03-18,722003.7412781157,261321.2,983324.9412781156,0.9833249412781156,0.003179682831402797,0.48019257107011487
2024-03-19,722003.7412781157,258101.9,980105.6412781157,0.9801056412781157,-0.003273892347137597,0.0
2024-03-20,722003.7412781157,258559.2,980562.9412781156,0.9805629412781156,0.00046658235677909943,0.0
2024-03-21,722003.7412781157,256508.2,978511.9412781156,0.9785119412781156,-0.0020916556333717695,0.0
2024-03-22,722003.7412781157,251443.7,973447.4412781156,0.9734474412781157,-0.005175716091297633,0.0
2024-03-25,722003.7412781157,247043.7,969047.4412781156,0.9690474412781156,-0.004520018044551932,0.0
2024-03-26,722003.7412781157,249490.80000000002,971494.5412781157,0.9714945412781157,0.002525263362516572,0.0
2024-03-27,722003.7412781157,242320.7,964324.4412781156,0.9643244412781156,-0.007380484084415939,0.0
2024-03-28,722003.7412781157,244542.8,966546.5412781157,0.9665465412781157,0.002304307455958332,0.0
2024-03-29,722003.7412781157,246883.1,968886.8412781156,0.9688868412781156,0.0024213008893552157,0.0
2024-04-01,640283.7950094456,332465.3,972749.0950094457,0.9727490950094457,0.003986279477420807,0.5962597532420928
2024-04-02,640283.7950094456,332507.6,972791.3950094456,0.9727913950094456,4.348500576045744e-05,0.0
2024-04-03,640283.7950094456,333317.8,973601.5950094457,0.9736015950094457,0.00083286098556834,0.0
2024-04-08,640283.7950094456,331116.0,971399.7950094456,0.9713997950094456,-0.0022614999926933166,0.0
2024-04-09,640283.7950094456,331047.9,971331.6950094457,0.9713316950094456,-7.010501788229373e-05,0.0
2024-04-10,640283.7950094456,329231.10000000003,969514.8950094457,0.9695148950094458,-0.001870421823291002,0.0
2024-04-11,640283.7950094456,331009.60000000003,971293.3950094457,0.9712933950094457,0.00183442256447508,0.0
2024-04-12,640283.7950094456,328952.89999999997,969236.6950094455,0.9692366950094455,-0.0021174858292742904,0.0
2024-04-15,640283.7950094456,334413.6,974697.3950094456,0.9746973950094456,0.005634021109721665,0.0
2024-04-16,640283.7950094456,330894.89999999997,971178.6950094455,0.9711786950094455,-0.003610043504800764,0.0
2024-04-17,640283.7950094456,337109.2,977392.9950094456,0.9773929950094455,0.006398719444663747,0.0
2024-04-18,640283.7950094456,337671.4,977955.1950094457,0.9779551950094456,0.0005752036313648734,0.0
2024-04-19,640283.7950094456,337130.2,977413.9950094456,0.9774139950094456,-0.0005533995859542395,0.0
2024-04-22,639420.2616071308,333272.7,972692.9616071307,0.9726929616071307,-0.004830126667328183,0.14621590439639542
2024-04-23,639420.2616071308,329384.69999999995,968804.9616071307,0.9688049616071307,-0.003997150337734623,0.0
2024-04-24,639420.2616071308,330882.39999999997,970302.6616071307,0.9703026616071306,0.0015459251958365172,0.0
2024-04-25,639420.2616071308,331980.1,971400.3616071307,0.9714003616071307,0.0011312964948297921,0.0
2024-04-26,639420.2616071308,334613.80000000005,974034.0616071308,0.9740340616071308,0.002711240497834222,0.0
2024-04-29,639420.2616071308,336548.4,975968.6616071308,0.9759686616071308,0.0019861728416437074,0.0
2024-04-30,639420.2616071308,335775.7,975195.9616071307,0.9751959616071307,-0.000791726241217261,0.0
2024-05-06,639420.2616071308,339802.1,979222.3616071307,0.9792223616071307,0.004128811191306037,0.0
2024-05-07,639420.2616071308,339875.19999999995,979295.4616071307,0.9792954616071307,7.465107300030915e-05,0.0
2024-05-08,639420.2616071308,338539.30000000005,977959.5616071308,0.9779595616071308,-0.0013641439712255288,0.0
2024-05-09,639420.2616071308,341889.69999999995,981309.9616071307,0.9813099616071307,0.003425908525802379,0.0
2024-05-10,639420.2616071308,342475.80000000005,981896.0616071308,0.9818960616071308,0.0005972628658943435,0.0
2024-05-13,647022.7094683258,332964.5,979987.2094683258,0.9799872094683258,-0.0019440470467725346,0.6859815979377062
2024-05-14,647022.7094683258,333826.69999999995,980849.4094683258,0.9808494094683258,0.0008798074012290602,0.0
2024-05-15,647022.7094683258,328760.3,975783.0094683259,0.9757830094683259,-0.005165318907360272,0.0
2024-05-16,647022.7094683258,328650.3,975673.0094683259,0.9756730094683259,-0.00011272998087963337,0.0
2024-05-17,647022.7094683258,333535.0,980557.7094683258,0.9805577094683259,0.005006492905509141,0.0
2024-05-20,647022.7094683258,334501.30000000005,981524.0094683259,0.9815240094683259,0.000985459591688942,0.0
2024-05-21,647022.7094683258,331784.8,978807.5094683259,0.9788075094683258,-0.0027676347942537927,0.0
2024-05-22,647022.7094683258,333671.5,980694.2094683258,0.9806942094683259,0.0019275495761417183,0.0
2024-05-23,647022.7094683258,327245.89999999997,974268.6094683257,0.9742686094683257,-0.0065520933415968985,0.0
2024-05-24,647022.7094683258,322645.9,969668.6094683259,0.9696686094683259,-0.004721490516368165,0.0
2024-05-27,640567.9195384508,333494.1,974062.0195384508,0.9740620195384507,0.004530836645865843,0.6732859658187438
2024-05-28,640567.9195384508,331882.1,972450.0195384508,0.9724500195384508,-0.0016549254232947064,0.0
2024-05-29,640567.9195384508,331830.39999999997,972398.3195384508,0.9723983195384508,-5.316468606220148e-05,0.0
2024-05-30,640567.9195384508,331047.1,971615.0195384508,0.9716150195384508,-0.0008055340946823142,0.0
2024-05-31,640567.9195384508,331426.0,971993.9195384508,0.9719939195384508,0.000389969270112811,0.0
2024-06-03,640567.9195384508,329795.5,970363.4195384508,0.9703634195384507,-0.001677479629475731,0.0
2024-06-04,640567.9195384508,331926.1,972494.0195384508,0.9724940195384507,0.0021956722163056774,0.0
2024-06-05,640567.9195384508,329875.2,970443.1195384508,0.9704431195384509,-0.002108907570427254,0.0
2024-06-06,640567.9195384508,329653.4,970221.3195384508,0.9702213195384508,-0.00022855538416877152,0.0
2024-06-07,640567.9195384508,330412.89999999997,970980.8195384508,0.9709808195384508,0.0007828110810441657,0.0
2024-06-11,690538.7134865508,280186.3,970725.0134865509,0.9707250134865509,-0.00026345118951109914,0.20909241935026734
2024-06-12,690538.7134865508,281921.0,972459.7134865508,0.9724597134865508,0.0017870148351997184,0.0
2024-06-13,690538.7134865508,281382.6,971921.3134865508,0.9719213134865509,-0.0005536476139147428,0.0
2024-06-14,690538.7134865508,280619.1,971157.8134865508,0.9711578134865508,-0.000785557420549976,0.0
2024-06-17,690538.7134865508,280709.3,971248.0134865509,0.9712480134865509,9.28788284946247e-05,0.0
2024-06-18,690538.7134865508,281358.6,971897.3134865508,0.9718973134865508,0.0006685213158574843,0.0
2024-06-19,690538.7134865508,280465.4,971004.1134865509,0.9710041134865509,-0.0009190271313701537,0.0
2024-06-20,690538.7134865508,279700.39999999997,970239.1134865507,0.9702391134865508,-0.0007878442422383225,0.0
2024-06-21,690538.7134865508,280343.4,970882.1134865509,0.9708821134865508,0.0006627232308635822,0.0
2024-06-24,660580.3009819859,306130.9,966711.2009819859,0.9667112009819859,-0.0042960030333515364,0.34127402070487295
2024-06-25,660580.3009819859,301278.0,961858.3009819859,0.9618583009819859,-0.005020010107538275,0.0
2024-06-26,660580.3009819859,305403.1,965983.4009819858,0.9659834009819859,0.004288677444264533,0.0
2024-06-27,660580.3009819859,302463.1,963043.4009819858,0.9630434009819858,-0.003043530558611396,0.0
2024-06-28,660580.3009819859,304652.6,965232.9009819858,0.9652329009819859,0.0022735216271327907,0.0
2024-07-01,660580.3009819859,305329.7,965910.0009819858,0.9659100009819859,0.0007014887280687443,0.0
2024-07-02,660580.3009819859,303344.5,963924.8009819859,0.9639248009819859,-0.00205526394589739,0.0
2024-07-03,660580.3009819859,302795.7,963376.0009819858,0.9633760009819858,-0.0005693390183975078,0.0
2024-07-04,660580.3009819859,300599.1,961179.4009819858,0.9611794009819858,-0.0022801066227111644,0.0
2024-07-05,660580.3009819859,299879.7,960460.0009819858,0.9604600009819858,-0.0007484554904787499,0.0
2024-07-08,622919.6336498659,335611.4,958531.0336498659,0.9585310336498659,-0.0020083786208147103,0.14586132671508054
2024-07-09,622919.6336498659,341365.1,964284.7336498658,0.9642847336498659,0.0060026225526483845,0.0
2024-07-10,622919.6336498659,338942.2,961861.8336498658,0.9618618336498658,-0.002512639592280208,0.0
2024-07-11,622919.6336498659,342041.9,964961.5336498659,0.9649615336498659,0.003222604215657565,0.0
2024-07-12,622919.6336498659,343016.9,965936.5336498659,0.9659365336498659,0.0010104029704813833,0.0
2024-07-15,622919.6336498659,344913.9,967833.5336498659,0.9678335336498659,0.0019638971442896835,0.0
2024-07-16,622919.6336498659,348710.1,971629.7336498658,0.9716297336498658,0.003922368742157456,0.0
2024-07-17,622919.6336498659,347617.7,970537.3336498658,0.9705373336498658,-0.001124296593823293,0.0
2024-07-18,622919.6336498659,349063.9,971983.5336498659,0.9719835336498659,0.001490102389530401,0.0
2024-07-19,622919.6336498659,351831.39999999997,974751.0336498658,0.9747510336498658,0.00284727045694666,0.0
2024-07-22,642765.9837270511,330538.5,973304.4837270511,0.973304483727051,-0.0014840198911082458,0.1735123125919686
2024-07-23,642765.9837270511,321176.1,963942.083727051,0.963942083727051,-0.009619189222419666,0.0
2024-07-24,642765.9837270511,319596.19999999995,962362.183727051,0.9623621837270511,-0.0016389988845506576,0.0
2024-07-25,642765.9837270511,317285.9,960051.8837270511,0.9600518837270511,-0.0024006554279311088,0.0
2024-07-26,642765.9837270511,321088.8,963854.783727051,0.963854783727051,0.003961140084675963,0.0
2024-07-29,642765.9837270511,319291.9,962057.8837270511,0.962057883727051,-0.0018642849839387576,0.0
2024-07-30,642765.9837270511,319225.2,961991.1837270511,0.9619911837270512,-6.933054770208447e-05,0.0
2024-07-31,642765.9837270511,327133.3,969899.283727051,0.969899283727051,0.008220553507945372,0.0
2024-08-01,642765.9837270511,326297.4,969063.3837270511,0.969063383727051,-0.0008618420634231017,0.0
2024-08-02,642765.9837270511,321650.1,964416.083727051,0.964416083727051,-0.0047956615408647485,0.0
2024-08-05,706443.3316191111,250836.39999999997,957279.731619111,0.9572797316191111,-0.007399661026349813,0.2945087171839264
2024-08-06,706443.3316191111,253445.8,959889.1316191112,0.9598891316191112,0.0027258490008836844,0.0
2024-08-07,706443.3316191111,252325.59999999998,958768.9316191111,0.9587689316191111,-0.001167009775504546,0.0
2024-08-08,706443.3316191111,250625.3,957068.6316191112,0.9570686316191112,-0.0017734200013433954,0.0
2024-08-09,706443.3316191111,249161.90000000002,955605.2316191111,0.9556052316191112,-0.0015290439490471819,0.0
2024-08-12,706443.3316191111,247905.1,954348.4316191111,0.9543484316191111,-0.0013151874418587672,0.0
2024-08-13,706443.3316191111,250844.9,957288.2316191111,0.9572882316191111,0.003080426291488303,0.0
2024-08-14,706443.3316191111,247998.40000000002,954441.7316191111,0.9544417316191112,-0.0029735035969109536,0.0
2024-08-15,706443.3316191111,249762.5,956205.8316191111,0.9562058316191111,0.001848305602697664,0.0
2024-08-16,706443.3316191111,247958.0,954401.3316191111,0.9544013316191111,-0.0018871459892108033,0.0
2024-08-19,627490.1913397211,325252.80000000005,952742.9913397211,0.9527429913397212,-0.001737571212915956,0.3807116741796509
2024-08-20,627490.1913397211,321138.9,948629.0913397211,0.9486290913397211,-0.0043179535692150495,0.0
2024-08-21,627490.1913397211,319207.6,946697.7913397211,0.9466977913397211,-0.00203588527658638,0.0
2024-08-22,627490.1913397211,315596.10000000003,943086.2913397211,0.9430862913397211,-0.003814839363773248,0.0
2024-08-23,627490.1913397211,316220.3,943710.491339721,0.9437104913397211,0.0006618694447495521,0.0
2024-08-26,627490.1913397211,315946.6,943436.7913397211,0.943436791339721,-0.0002900253865053548,0.0
2024-08-27,627490.1913397211,313851.30000000005,941341.4913397211,0.9413414913397211,-0.0022209225029528046,0.0
2024-08-28,627490.1913397211,313755.4,941245.5913397211,0.9412455913397211,-0.000101875887637215,0.0
2024-08-29,627490.1913397211,317217.10000000003,944707.2913397211,0.9447072913397211,0.0036777861504484477,0.0
2024-08-30,627490.1913397211,323957.0,951447.1913397211,0.9514471913397211,0.007134379147684999,0.0
2024-09-02,588607.1575906412,354865.60000000003,943472.7575906413,0.9434727575906413,-0.008381372946039356,0.27427978617766646
2024-09-03,588607.1575906412,357160.0,945767.1575906412,0.9457671575906412,0.0024318667195639687,0.0
2024-09-04,588607.1575906412,355623.4,944230.5575906412,0.9442305575906412,-0.001624712792855365,0.0
2024-09-05,588607.1575906412,357881.6,946488.7575906412,0.9464887575906411,0.0023915769107940577,0.0
2024-09-06,588607.1575906412,355107.4,943714.5575906412,0.9437145575906412,-0.0029310437950281765,0.0
2024-09-09,588607.1575906412,352151.6,940758.7575906412,0.9407587575906412,-0.0031320911352118452,0.0
2024-09-10,588607.1575906412,352119.2,940726.3575906411,0.9407263575906412,-3.4440285289538686e-05,0.0
2024-09-11,588607.1575906412,351599.80000000005,940206.9575906412,0.9402069575906412,-0.0005521265517957064,0.0
2024-09-12,588607.1575906412,350594.6,939201.7575906412,0.9392017575906412,-0.001069126315099811,0.0
2024-09-13,588607.1575906412,348839.0,937446.1575906412,0.9374461575906412,-0.00186924692784185,0.0
2024-09-18,628263.7762666963,308502.80000000005,936766.5762666963,0.9367665762666963,-0.0007249283795577321,0.262706787804171
2024-09-19,628263.7762666963,312933.3,941197.0762666962,0.9411970762666962,0.004729566694892995,0.0
2024-09-20,628263.7762666963,311590.0,939853.7762666963,0.9398537762666963,-0.001427225003001742,0.0
2024-09-23,628263.7762666963,311248.69999999995,939512.4762666962,0.9395124762666962,-0.00036314159565942195,0.0
2024-09-24,628263.7762666963,328051.89999999997,956315.6762666963,0.9563156762666963,0.017885020608529034,0.0
2024-09-25,628263.7762666963,332434.2,960697.9762666964,0.9606979762666964,0.004582482655840048,0.0
2024-09-26,628263.7762666963,350144.8,978408.5762666962,0.9784085762666962,0.01843513824066112,0.0
2024-09-27,628263.7762666963,381361.8,1009625.5762666962,1.0096255762666961,0.03190589366981467,0.0
2024-09-30,691368.5304089562,363353.2,1054721.7304089563,1.0547217304089562,0.04466621607290566,0.301634123539235
2024-10-08,691368.5304089562,404887.8,1096256.3304089562,1.096256330408956,0.03937967598704484,0.0
2024-10-09,691368.5304089562,368568.4,1059936.9304089563,1.0599369304089563,-0.033130390213072736,0.0
2024-10-10,691368.5304089562,356367.2,1047735.7304089563,1.0477357304089563,-0.011511250952726315,0.0
2024-10-11,691368.5304089562,345400.2,1036768.7304089563,1.0367687304089563,-0.010467334158508979,0.0
2024-10-14,691368.5304089562,352255.2,1043623.7304089563,1.0436237304089564,0.006611889227500223,0.0
2024-10-15,691368.5304089562,341449.2,1032817.7304089563,1.0328177304089563,-0.010354306523641,0.0
2024-10-16,691368.5304089562,339586.2,1030954.7304089563,1.0309547304089564,-0.0018038032705560703,0.0
2024-10-17,691368.5304089562,337744.6,1029113.1304089562,1.0291131304089562,-0.0017863053979776389,0.0
2024-10-18,691368.5304089562,360084.8,1051453.3304089562,1.0514533304089562,0.021708206163031152,0.0
2024-10-21,723534.1779006664,325846.5,1049380.6779006664,1.0493806779006665,-0.0019712263477101866,0.4306420655626116
2024-10-22,723534.1779006664,323702.39999999997,1047236.5779006663,1.0472365779006663,-0.0020432051448568966,0.0
2024-10-23,723534.1779006664,320820.3,1044354.4779006664,1.0443544779006664,-0.002752100204308605,0.0
2024-10-24,723534.1779006664,320157.0,1043691.1779006664,1.0436911779006663,-0.0006351291769566281,0.0
2024-10-25,723534.1779006664,323332.8,1046866.9779006664,1.0468669779006665,0.0030428541193459058,0.0
2024-10-28,723534.1779006664,322776.30000000005,1046310.4779006664,1.0463104779006664,-0.0005315861630442731,0.0
2024-10-29,723534.1779006664,320619.0,1044153.1779006664,1.0441531779006663,-0.002061816301723862,0.0
2024-10-30,723534.1779006664,316924.5,1040458.6779006664,1.0404586779006664,-0.0035382739603666558,0.0
2024-10-31,723534.1779006664,323874.89999999997,1047409.0779006663,1.0474090779006662,0.0066801307419759315,0.0
2024-11-01,723534.1779006664,315639.6,1039173.7779006663,1.0391737779006665,-0.00786254403724096,0.0
2024-11-04,664526.2878858463,382918.39999999997,1047444.6878858462,1.0474446878858463,0.007959121141305925,0.435620712124312
2024-11-05,664526.2878858463,402003.9,1066530.1878858465,1.0665301878858464,0.018221009873583105,0.0
2024-11-06,664526.2878858463,404990.9,1069517.1878858465,1.0695171878858465,0.002800670842633135,0.0
2024-11-07,664526.2878858463,411170.1,1075696.3878858462,1.075696387885846,0.005777560258021008,0.0
2024-11-08,664526.2878858463,414976.5,1079502.7878858463,1.0795027878858463,0.0035385449303972916,0.0
2024-11-11,664526.2878858463,430828.0,1095354.2878858463,1.0953542878858464,0.01468407509261227,0.0
2024-11-12,664526.2878858463,419894.1,1084420.3878858462,1.0844203878858463,-0.009982067100046454,0.0
2024-11-13,664526.2878858463,419699.0,1084225.2878858463,1.0842252878858463,-0.00017991177792242574,0.0
2024-11-14,664526.2878858463,405058.1,1069584.3878858462,1.0695843878858462,-0.013503558866947984,0.0
2024-11-15,664526.2878858463,391194.5,1055720.7878858463,1.0557207878858463,-0.012961670118804558,0.0
2024-11-18,712641.8232321063,336814.4,1049456.2232321063,1.0494562232321063,-0.005933921852846358,0.44124730633832143
2024-11-19,712641.8232321063,346359.30000000005,1059001.1232321062,1.0590011232321062,0.009095091142157008,0.0
2024-11-20,712641.8232321063,348592.5,1061234.3232321064,1.0612343232321064,0.002108779633003932,0.0
2024-11-21,712641.8232321063,349796.2,1062438.0232321064,1.0624380232321065,0.0011342452591751595,0.0
2024-11-22,712641.8232321063,335714.5,1048356.3232321063,1.0483563232321063,-0.013254137833999313,0.0
2024-11-25,712641.8232321063,336650.6,1049292.4232321063,1.0492924232321064,0.0008929215947435232,0.0
2024-11-26,712641.8232321063,332742.6,1045384.4232321063,1.0453844232321063,-0.0037244145802199924,0.0
2024-11-27,712641.8232321063,340490.9,1053132.7232321063,1.0531327232321064,0.007411914533836272,0.0
2024-11-28,712641.8232321063,337830.5,1050472.3232321064,1.0504723232321065,-0.0025261773196402215,0.0
2024-11-29,712641.8232321063,343902.5,1056544.3232321064,1.0565443232321063,0.00578025700031537,0.0
2024-12-02,696361.5807142564,360374.9,1056736.4807142564,1.0567364807142563,0.00018187356452981085,0.6640119529996079
2024-12-03,696361.5807142564,360425.7,1056787.2807142565,1.0567872807142564,4.807253362315578e-05,0.0
2024-12-04,696361.5807142564,359473.8,1055835.3807142563,1.0558353807142564,-0.0009007489183222583,0.0
2024-12-05,696361.5807142564,359126.1,1055487.6807142564,1.0554876807142564,-0.0003293127000202345,0.0
2024-12-06,696361.5807142564,365361.2,1061722.7807142565,1.0617227807142564,0.005907316697226328,0.0
2024-12-09,696361.5807142564,365002.1,1061363.6807142564,1.0613636807142564,-0.00033822388152815464,0.0
2024-12-10,696361.5807142564,364900.9,1061262.4807142564,1.0612624807142563,-9.53490324182571e-05,0.0
2024-12-11,696361.5807142564,365227.1,1061588.6807142564,1.0615886807142563,0.00030736976565903795,0.0
2024-12-12,696361.5807142564,367095.7,1063457.2807142565,1.0634572807142564,0.001760192091293744,0.0
2024-12-13,696361.5807142564,359922.2,1056283.7807142565,1.0562837807142564,-0.006745451961344462,0.0
2024-12-16,714023.0417074114,340546.80000000005,1054569.8417074115,1.0545698417074114,-0.0016226122545269783,0.381530904391516
2024-12-17,714023.0417074114,337260.7,1051283.7417074114,1.0512837417074115,-0.0031160572491620853,0.0
2024-12-18,714023.0417074114,339622.9,1053645.9417074113,1.0536459417074113,0.002246967118661569,0.0
2024-12-19,714023.0417074114,338197.9,1052220.9417074113,1.0522209417074113,-0.001352446721989753,0.0
2024-12-20,714023.0417074114,337881.10000000003,1051904.1417074115,1.0519041417074115,-0.00030107745193297397,0.0
2024-12-23,714023.0417074114,334417.5,1048440.5417074114,1.0484405417074114,-0.0032926954678380582,0.0
2024-12-24,714023.0417074114,338185.7,1052208.7417074114,1.0522087417074113,0.003594099856023547,0.0
2024-12-25,714023.0417074114,337176.19999999995,1051199.2417074114,1.0511992417074114,-0.0009594103907195617,0.0
2024-12-26,714023.0417074114,338310.3,1052333.3417074115,1.0523333417074114,0.0010788630309113145,0.0
2024-12-27,714023.0417074114,338648.8,1052671.8417074115,1.0526718417074115,0.00032166613617956585,0.0
2024-12-30,692419.1210629514,363128.7,1055547.8210629513,1.0555478210629514,0.0027320758868929484,0.3805446518358976
2024-12-31,692419.1210629514,357336.4,1049755.5210629515,1.0497555210629514,-0.0054874823143179485,0.0
2025-01-02,692419.1210629514,346480.80000000005,1038899.9210629514,1.0388999210629515,-0.010341074452276278,0.0
2025-01-03,692419.1210629514,342175.2,1034594.3210629513,1.0345943210629513,-0.004144383797425655,0.0
2025-01-06,692419.1210629514,341255.4,1033674.5210629514,1.0336745210629514,-0.0008890441221974799,0.0
2025-01-07,692419.1210629514,344653.6,1037072.7210629514,1.0370727210629513,0.0032874951745018866,0.0
2025-01-08,692419.1210629514,344271.2,1036690.3210629513,1.0366903210629514,-0.00036873016928651303,0.0
2025-01-09,692419.1210629514,342013.9,1034433.0210629514,1.0344330210629513,-0.002177410123483603,0.0
2025-01-10,692419.1210629514,338715.7,1031134.8210629513,1.0311348210629514,-0.0031884132977608726,0.0
2025-01-13,717170.7251433363,312479.0,1029649.7251433363,1.0296497251433363,-0.0014402538729940684,0.21812145798562743
2025-01-14,717170.7251433363,320647.8,1037818.5251433363,1.0378185251433363,0.007933571777395176,0.0
2025-01-15,717170.7251433363,320562.6,1037733.3251433363,1.0377333251433363,-8.209527767699676e-05,0.0
2025-01-16,717170.7251433363,318159.3,1035330.0251433363,1.0353300251433362,-0.002315912905339279,0.0
2025-01-17,717170.7251433363,319654.4,1036825.1251433364,1.0368251251433365,0.0014440805962263603,0.0
2025-01-20,717170.7251433363,319030.9,1036201.6251433364,1.0362016251433364,-0.0006013550259150735,0.0
2025-01-21,717170.7251433363,319975.4,1037146.1251433364,1.0371461251433363,0.0009115021411680857,0.0
2025-01-22,717170.7251433363,318499.4,1035670.1251433364,1.0356701251433365,-0.001423136011616477,0.0
2025-01-23,717170.7251433363,319045.6,1036216.3251433363,1.0362163251433363,0.0005273880039016188,0.0
2025-01-24,717170.7251433363,321024.7,1038195.4251433364,1.0381954251433365,0.001909929376692876,0.0
2025-01-27,685410.4547000664,345128.4,1030538.8547000664,1.0305388547000665,-0.007374883627726425,0.6483344027518423
2025-02-05,685410.4547000664,346223.10000000003,1031633.5547000663,1.0316335547000663,0.001062259802245391,0.0
2025-02-06,685410.4547000664,355241.6,1040652.0547000663,1.0406520547000664,0.008741960707765006,0.0
2025-02-07,685410.4547000664,361939.39999999997,1047349.8547000664,1.0473498547000664,0.006436156993828712,0.0
2025-02-10,685410.4547000664,365044.8,1050455.2547000663,1.0504552547000663,0.002965007333570746,0.0
2025-02-11,685410.4547000664,362757.69999999995,1048168.1547000663,1.0481681547000663,-0.0021772464745801745,0.0
2025-02-12,685410.4547000664,368254.2,1053664.6547000664,1.0536646547000665,0.005243910507444216,0.0
2025-02-13,685410.4547000664,365659.0,1051069.4547000662,1.0510694547000663,-0.0024630227353872325,0.0
2025-02-14,685410.4547000664,369204.2,1054614.6547000664,1.0546146547000663,0.0033729455119708707,0.0
2025-02-17,698146.0762000664,357206.4,1055352.4762000665,1.0553524762000666,0.0006996124098141987,0.012090313218363433
2025-02-18,698146.0762000664,350526.4,1048672.4762000665,1.0486724762000665,-0.0063296388179731045,0.0
2025-02-19,698146.0762000664,357420.0,1055566.0762000664,1.0555660762000663,0.006573644447100735,0.0
2025-02-20,698146.0762000664,358486.4,1056632.4762000665,1.0566324762000665,0.0010102636149875721,0.0
2025-02-21,698146.0762000664,365772.4,1063918.4762000665,1.0639184762000664,0.0068954912555805326,0.0
2025-02-24,698146.0762000664,364635.60000000003,1062781.6762000665,1.0627816762000664,-0.0010685029214458908,0.0
2025-02-25,698146.0762000664,361476.8,1059622.8762000664,1.0596228762000663,-0.002972200284158233,0.0
2025-02-26,698146.0762000664,366255.2,1064401.2762000663,1.0644012762000663,0.004509528915736416,0.0
2025-02-27,698146.0762000664,364701.2,1062847.2762000663,1.0628472762000662,-0.0014599757015961723,0.0
2025-02-28,698146.0762000664,352720.0,1050866.0762000664,1.0508660762000663,-0.011272739055074421,0.0
2025-03-03,738837.2152092913,308651.5,1047488.7152092913,1.0474887152092913,-0.003213883355134617,0.4220891555029646
2025-03-04,738837.2152092913,313771.8,1052609.0152092914,1.0526090152092913,0.00488816721903973,0.0
2025-03-05,738837.2152092913,315281.3,1054118.5152092914,1.0541185152092913,0.0014340557397751752,0.0
2025-03-06,738837.2152092913,324742.5,1063579.7152092913,1.0635797152092914,0.008975461357987324,0.0
2025-03-07,738837.2152092913,321381.8,1060219.0152092914,1.0602190152092914,-0.003159800767109089,0.0
2025-03-10,738837.2152092913,321151.9,1059989.1152092912,1.0599891152092913,-0.00021684198896843032,0.0
2025-03-11,738837.2152092913,320488.60000000003,1059325.8152092914,1.0593258152092915,-0.0006257611427159526,0.0
2025-03-12,738837.2152092913,319698.6,1058535.8152092914,1.0585358152092914,-0.0007457573379762161,0.0
2025-03-13,738837.2152092913,312704.2,1051541.4152092913,1.0515414152092912,-0.006607617710712277,0.0
2025-03-14,738837.2152092913,318441.6,1057278.8152092914,1.0572788152092913,0.005456180723854898,0.0
2025-03-17,700235.0904837563,355450.8,1055685.8904837563,1.0556858904837563,-0.0015066269205628036,0.4289951820421324
2025-03-18,700235.0904837563,354544.4,1054779.4904837562,1.0547794904837562,-0.0008585887224321631,0.0
2025-03-19,700235.0904837563,351742.6,1051977.6904837564,1.0519776904837563,-0.002656289798273259,0.0
2025-03-20,700235.0904837563,350381.5,1050616.5904837563,1.0506165904837563,-0.001293848731121039,0.0
2025-03-21,700235.0904837563,346158.6,1046393.6904837562,1.0463936904837563,-0.004019449186553947,0.0
2025-03-24,700235.0904837563,343853.6,1044088.6904837562,1.0440886904837563,-0.0022028038022040564,0.0
2025-03-25,700235.0904837563,342441.39999999997,1042676.4904837562,1.0426764904837562,-0.0013525670882861274,0.0
2025-03-26,700235.0904837563,343183.19999999995,1043418.2904837562,1.0434182904837561,0.0007114383097444055,0.0
2025-03-27,700235.0904837563,343778.7,1044013.7904837562,1.0440137904837563,0.0005707203002200956,0.0
2025-03-28,700235.0904837563,340796.6,1041031.6904837562,1.0410316904837562,-0.0028563798938117113,0.0
2025-03-31,631670.7191915762,405318.8,1036989.5191915762,1.0369895191915761,-0.003882851337889348,0.4782433480662311
2025-04-01,631670.7191915762,410559.80000000005,1042230.5191915763,1.0422305191915764,0.0050540530092202385,0.0
2025-04-02,631670.7191915762,409980.29999999993,1041651.0191915762,1.0416510191915762,-0.0005560190277766885,0.0
2025-04-03,631670.7191915762,411366.6,1043037.3191915762,1.0430373191915763,0.0013308679917347632,0.0
2025-04-07,631670.7191915762,389877.3,1021548.0191915762,1.0215480191915762,-0.02060261853013634,0.0
2025-04-08,631670.7191915762,399394.6,1031065.3191915762,1.0310653191915762,0.009316546869261977,0.0
2025-04-09,631670.7191915762,401317.89999999997,1032988.6191915763,1.0329886191915763,0.0018653522373421882,0.0
2025-04-10,631670.7191915762,404680.2,1036350.9191915763,1.0363509191915763,0.003254924534048964,0.0
2025-04-11,631670.7191915762,402486.1,1034156.8191915762,1.0341568191915762,-0.0021171400144187613,0.0
2025-04-14,631670.7191915762,403968.4,1035639.1191915763,1.0356391191915764,0.0014333416097944696,0.0
2025-04-15,631670.7191915762,404462.7,1036133.4191915763,1.0361334191915763,0.0004772898115183999,0.0
2025-04-16,631670.7191915762,406232.9,1037903.6191915763,1.0379036191915763,0.0017084672371450171,0.0
2025-04-17,631670.7191915762,406387.8,1038058.5191915762,1.038058519191576,0.00014924314467701372,0.0
2025-04-18,631670.7191915762,405359.5,1037030.2191915762,1.0370302191915763,-0.000990599259086844,0.0
2025-04-21,569943.3890410411,463806.6,1033749.9890410411,1.033749989041041,-0.0031630998690590495,0.2141258433848769
2025-04-22,569943.3890410411,465441.20000000007,1035384.5890410412,1.0353845890410411,0.0015812333904026143,0.0
2025-04-23,569943.3890410411,462570.79999999993,1032514.1890410411,1.032514189041041,-0.002772303190893166,0.0
2025-04-24,569943.3890410411,464274.1,1034217.4890410411,1.0342174890410412,0.0016496625596806869,0.0
2025-04-25,569943.3890410411,463546.8,1033490.1890410411,1.033490189041041,-0.0007032369958028806,0.0
2025-04-28,569943.3890410411,464271.9,1034215.2890410412,1.0342152890410412,0.0007016031769715436,0.0
2025-04-29,569943.3890410411,462721.89999999997,1032665.2890410412,1.0326652890410413,-0.0014987208334903412,0.0
2025-04-30,569943.3890410411,460105.9,1030049.2890410412,1.030049289041041,-0.0025332506357691464,0.0
2025-05-06,569943.3890410411,460095.1,1030038.4890410411,1.0300384890410412,-1.0484935153098895e-05,0.0
2025-05-07,569943.3890410411,462508.19999999995,1032451.5890410411,1.032451589041041,0.002342727990918725,0.0
2025-05-08,569943.3890410411,463630.80000000005,1033574.1890410412,1.0335741890410413,0.0010873149035905971,0.0
2025-05-09,569943.3890410411,465800.3,1035743.6890410411,1.035743689041041,0.002099026874899712,0.0
2025-05-12,713719.4079384712,324020.2,1037739.6079384713,1.0377396079384713,0.0019270394003347846,0.5164374172004295
2025-05-13,713719.4079384712,323752.6,1037472.0079384712,1.0374720079384712,-0.00025786815686035247,0.0
2025-05-14,713719.4079384712,326260.5,1039979.9079384712,1.0399799079384713,0.0024173182320199604,0.0
2025-05-15,713719.4079384712,325041.1,1038760.5079384712,1.0387605079384712,-0.0011725226523050525,0.0
2025-05-16,713719.4079384712,323849.0,1037568.4079384712,1.0375684079384713,-0.0011476177529754494,0.0
2025-05-19,713719.4079384712,323485.0,1037204.4079384712,1.0372044079384712,-0.0003508202420341444,0.0
2025-05-20,713719.4079384712,326378.69999999995,1040098.1079384711,1.0400981079384712,0.0027899032995351014,0.0
2025-05-21,713719.4079384712,327967.5,1041686.9079384712,1.0416869079384712,0.0015275482071102076,0.0
2025-05-22,713719.4079384712,326253.1,1039972.5079384712,1.0399725079384712,-0.0016457920195933617,0.0
2025-05-23,713719.4079384712,325545.1,1039264.5079384712,1.0392645079384712,-0.0006807872271580306,0.0
2025-05-26,697745.0683395062,339165.3,1036910.3683395062,1.0369103683395062,-0.0022651977249128485,0.26748904602875
2025-05-27,697745.0683395062,338964.8,1036709.8683395062,1.0367098683395062,-0.0001933629039905238,0.0
2025-05-28,697745.0683395062,338392.39999999997,1036137.4683395061,1.0361374683395062,-0.0005521313315141052,0.0
2025-05-29,697745.0683395062,342290.1,1040035.1683395061,1.0400351683395062,0.0037617595339414223,0.0
2025-05-30,697745.0683395062,342464.5,1040209.5683395062,1.040209568339506,0.00016768663724953115,0.0
2025-06-03,697745.0683395062,343184.9,1040929.9683395062,1.0409299683395061,0.0006925527527592568,0.0
2025-06-04,697745.0683395062,345392.0,1043137.0683395062,1.0431370683395063,0.0021203155516031913,0.0
2025-06-05,697745.0683395062,344814.30000000005,1042559.3683395062,1.0425593683395062,-0.0005538102494234698,0.0
2025-06-06,697745.0683395062,343463.0,1041208.0683395062,1.0412080683395062,-0.0012961372186912623,0.0
2025-06-09,630299.8137795164,413134.1,1043433.9137795164,1.0434339137795163,0.0021377527774635308,0.44134938104432664
2025-06-10,630299.8137795164,413631.8,1043931.6137795164,1.0439316137795165,0.00047698277143148893,0.0
2025-06-11,630299.8137795164,414242.6,1044542.4137795164,1.0445424137795163,0.0005850957974042892,0.0
2025-06-12,630299.8137795164,416138.1,1046437.9137795164,1.0464379137795163,0.0018146702086911937,0.0
2025-06-13,630299.8137795164,412613.9,1042913.7137795164,1.0429137137795164,-0.003367806110227134,0.0
2025-06-16,630299.8137795164,411675.8,1041975.6137795164,1.0419756137795164,-0.0008994991508936012,0.0
2025-06-17,630299.8137795164,409135.9,1039435.7137795164,1.0394357137795165,-0.002437581039720471,0.0
2025-06-18,630299.8137795164,409038.0,1039337.8137795164,1.0393378137795164,-9.418571894559413e-05,0.0
2025-06-19,630299.8137795164,406557.69999999995,1036857.5137795163,1.0368575137795164,-0.002386423323693543,0.0
2025-06-20,630299.8137795164,408646.1,1038945.9137795164,1.0389459137795163,0.0020141629609140566,0.0
2025-06-23,718340.2348668664,321611.4,1039951.6348668664,1.0399516348668665,0.0009680206390065837,0.19534875806159743
2025-06-24,718340.2348668664,322734.99999999994,1041075.2348668664,1.0410752348668664,0.0010804348609383396,0.0
2025-06-25,718340.2348668664,325904.2,1044244.4348668663,1.0442444348668662,0.003044160396731721,0.0
2025-06-26,718340.2348668664,326610.2,1044950.4348668663,1.0449504348668663,0.0006760869164603722,0.0
2025-06-27,718340.2348668664,323998.6,1042338.8348668664,1.0423388348668663,-0.002499257297627455,0.0
2025-06-30,718340.2348668664,326575.4,1044915.6348668664,1.0449156348668664,0.0024721327785213187,0.0
2025-07-01,718340.2348668664,328345.4,1046685.6348668664,1.0466856348668665,0.001693916657898864,0.0
2025-07-02,718340.2348668664,328895.2,1047235.4348668663,1.0472354348668664,0.0005252771048775973,0.0
2025-07-03,718340.2348668664,328866.80000000005,1047207.0348668664,1.0472070348668665,-2.7119021238530827e-05,0.0
2025-07-04,718340.2348668664,330769.60000000003,1049109.8348668665,1.0491098348668664,0.0018170236988925836,0.0
2025-07-07,745990.2816278766,302188.4,1048178.6816278766,1.0481786816278766,-0.0008875650652041545,0.49313708527539735
2025-07-08,745990.2816278766,307087.0,1053077.2816278767,1.0530772816278766,0.004673439830308546,0.0
2025-07-09,745990.2816278766,306422.8,1052413.0816278765,1.0524130816278765,-0.0006307229408401005,0.0
2025-07-10,745990.2816278766,307954.8,1053945.0816278765,1.0539450816278766,0.0014557021636696366,0.0
2025-07-11,745990.2816278766,312191.2,1058181.4816278766,1.0581814816278767,0.004019564276970478,0.0
2025-07-14,745990.2816278766,310387.4,1056377.6816278766,1.0563776816278765,-0.0017046225352811417,0.0
2025-07-15,745990.2816278766,311943.2,1057933.4816278766,1.0579334816278767,0.0014727687143130108,0.0
2025-07-16,745990.2816278766,311125.2,1057115.4816278766,1.0571154816278767,-0.0007732055126389303,0.0
2025-07-17,745990.2816278766,315796.6,1061786.8816278765,1.0617868816278766,0.004419006325407704,0.0
2025-07-18,745990.2816278766,317108.6,1063098.8816278765,1.0630988816278766,0.0012356528628310048,0.0
2025-07-21,10840.321683546616,1063310.1,1074150.4216835466,1.0741504216835467,0.010395589955609186,0.691308676738174
2025-07-22,10840.321683546616,1066336.7,1077177.0216835465,1.0771770216835466,0.002817668679267582,0.0
2025-07-23,10840.321683546616,1064378.1,1075218.4216835466,1.0752184216835465,-0.0018182712410061974,0.0
2025-07-24,10840.321683546616,1086154.5,1096994.8216835465,1.0969948216835466,0.020253001214304955,0.0
2025-07-25,10840.321683546616,1083552.4,1094392.7216835464,1.0943927216835465,-0.0023720257822245072,0.0
2025-07-28,10840.321683546616,1095993.0,1106833.3216835465,1.1068333216835464,0.011367582910147833,0.0
2025-07-29,10840.321683546616,1108372.5,1119212.8216835465,1.1192128216835466,0.011184610869114486,0.0
2025-07-30,10840.321683546616,1091832.7000000002,1102673.0216835467,1.1026730216835468,-0.01477806515397162,0.0
2025-07-31,10840.321683546616,1076105.2999999998,1086945.6216835463,1.0869456216835462,-0.01426297704825319,0.0
2025-08-01,10840.321683546616,1069074.9,1079915.2216835464,1.0799152216835464,-0.006468032861764228,0.0
2025-08-04,3389.768862826575,1079372.4,1082762.1688628264,1.0827621688628264,0.0026362691460555254,0.6309370720673684
2025-08-05,3389.768862826575,1085558.6,1088948.3688628266,1.0889483688628265,0.005713350704243059,0.0
2025-08-06,3389.768862826575,1088898.0,1092287.7688628265,1.0922877688628265,0.0030666284054285953,0.0
2025-08-07,3389.768862826575,1083252.2,1086641.9688628265,1.0866419688628264,-0.0051687844183020415,0.0
2025-08-08,3389.768862826575,1078278.6,1081668.3688628266,1.0816683688628266,-0.004577036542408486,0.0
2025-08-11,3389.768862826575,1091427.2,1094816.9688628265,1.0948169688628264,0.012155851440699195,0.0
2025-08-12,3389.768862826575,1098856.8,1102246.5688628266,1.1022465688628265,0.0067861571489133965,0.0
2025-08-13,3389.768862826575,1128599.8,1131989.5688628266,1.1319895688628265,0.026983980572228505,0.0
2025-08-14,3389.768862826575,1121007.0,1124396.7688628265,1.1243967688628265,-0.006707482302710233,0.0
2025-08-15,3389.768862826575,1149842.2,1153231.9688628265,1.1532319688628265,0.02564503989918321,0.0
2025-08-18,220.84300140151754,1172944.2,1173165.0430014015,1.1731650430014016,0.01728453136642627,0.6344922882007232
2025-08-19,220.84300140151754,1165762.0,1165982.8430014015,1.1659828430014014,-0.00612207126597053,0.0
2025-08-20,220.84300140151754,1175627.0,1175847.8430014015,1.1758478430014014,0.008460673378869021,0.0
2025-08-21,220.84300140151754,1173974.2,1174195.0430014015,1.1741950430014014,-0.0014056240438229395,0.0
2025-08-22,220.84300140151754,1199383.7,1199604.5430014015,1.1996045430014015,0.02163993124604735,0.0
2025-08-25,220.84300140151754,1226048.1,1226268.9430014016,1.2262689430014015,0.02222765840256491,0.0
2025-08-26,220.84300140151754,1217972.5,1218193.3430014015,1.2181933430014016,-0.006585504791660424,0.0
2025-08-27,220.84300140151754,1199993.3,1200214.1430014016,1.2002141430014015,-0.014758905146946999,0.0
2025-08-28,220.84300140151754,1223193.3,1223414.1430014016,1.2234141430014016,0.019329883867210018,0.0
2025-08-29,220.84300140151754,1243694.1,1243914.9430014016,1.2439149430014016,0.016757040220007235,0.0
2025-09-01,824009.5637633068,428816.7,1252826.263763307,1.252826263763307,0.007163930952066133,1.0287811886576543
2025-09-02,824009.5637633068,417333.3,1241342.8637633068,1.2413428637633068,-0.009165995583063302,0.0
2025-09-03,824009.5637633068,413672.7,1237682.263763307,1.237682263763307,-0.0029489032457175046,0.0
2025-09-04,824009.5637633068,390739.3,1214748.8637633068,1.2147488637633068,-0.01852931133574509,0.0
2025-09-05,824009.5637633068,411169.0,1235178.563763307,1.235178563763307,0.0168180441319441,0.0
2025-09-08,824009.5637633068,408794.7,1232804.263763307,1.232804263763307,-0.0019222321935106201,0.0
2025-09-09,824009.5637633068,400737.2,1224746.763763307,1.224746763763307,-0.006535911853032816,0.0
2025-09-10,824009.5637633068,405682.9,1229692.4637633068,1.2296924637633069,0.004038140900902043,0.0
2025-09-11,824009.5637633068,428520.8,1252530.3637633068,1.2525303637633067,0.018572041931612437,0.0
2025-09-12,824009.5637633068,428999.7,1253009.263763307,1.2530092637633068,0.00038234602038800247,0.0
2025-09-15,775201.9214616169,486647.39999999997,1261849.3214616168,1.2618493214616169,0.007055061725369516,0.23021480594136315
2025-09-16,775201.9214616169,489604.2,1264806.1214616168,1.2648061214616169,0.0023432274755079696,0.0
2025-09-17,775201.9214616169,497176.80000000005,1272378.721461617,1.272378721461617,0.005987162673793067,0.0
2025-09-18,775201.9214616169,492042.0,1267243.9214616169,1.267243921461617,-0.004035590908107567,0.0
2025-09-19,775201.9214616169,490340.4,1265542.321461617,1.265542321461617,-0.001342756490034902,0.0
2025-09-22,775201.9214616169,494940.0,1270141.9214616169,1.270141921461617,0.003634489279416231,0.0
2025-09-23,775201.9214616169,496375.19999999995,1271577.1214616168,1.2715771214616167,0.0011299524688930251,0.0
2025-09-24,775201.9214616169,511275.0,1286476.9214616169,1.286476921461617,0.011717574772714956,0.0
2025-09-25,775201.9214616169,519160.80000000005,1294362.721461617,1.294362721461617,0.006129764062180465,0.0
2025-09-26,775201.9214616169,510791.4,1285993.321461617,1.285993321461617,-0.006466039125840317,0.0
2025-09-29,868810.8109049618,425509.10000000003,1294319.9109049619,1.294319910904962,0.006474831015359506,0.2693889215973972
2025-09-30,868810.8109049618,434041.9,1302852.710904962,1.302852710904962,0.006592496899807454,0.0
2025-10-09,868810.8109049618,447904.5,1316715.3109049618,1.3167153109049619,0.010640189703693181,0.0
2025-10-10,868810.8109049618,421968.69999999995,1290779.5109049617,1.2907795109049618,-0.01969734823101188,0.0
2025-10-13,868810.8109049618,425973.39999999997,1294784.2109049617,1.2947842109049617,0.0031025438242293646,0.0
2025-10-14,868810.8109049618,410045.5,1278856.3109049618,1.2788563109049618,-0.012301586523724595,0.0
2025-10-15,868810.8109049618,416518.4,1285329.210904962,1.2853292109049619,0.005061475589403619,0.0
2025-10-16,868810.8109049618,415620.60000000003,1284431.4109049619,1.284431410904962,-0.0006984980909038319,0.0
2025-10-17,868810.8109049618,398408.9,1267219.710904962,1.2672197109049619,-0.013400248432007156,0.0
2025-10-20,712063.0060216419,560473.8,1272536.806021642,1.272536806021642,0.004195874693965207,0.30370472656644426
2025-10-21,712063.0060216419,566386.1,1278449.1060216418,1.2784491060216419,0.004646073867587086,0.0
2025-10-22,712063.0060216419,563992.5,1276055.506021642,1.2760555060216419,-0.0018722685077768864,0.0
2025-10-23,712063.0060216419,567951.0,1280014.006021642,1.2800140060216418,0.003102137784226411,0.0
2025-10-24,712063.0060216419,575661.9,1287724.906021642,1.287724906021642,0.006024074708343319,0.0
2025-10-27,712063.0060216419,582095.2,1294158.2060216418,1.2941582060216419,0.004995865164924895,0.0
2025-10-28,712063.0060216419,579048.1,1291111.1060216418,1.2911111060216418,-0.002354503480194392,0.0
2025-10-29,712063.0060216419,588755.9,1300818.906021642,1.300818906021642,0.007518950115697809,0.0
2025-10-30,712063.0060216419,587298.5,1299361.506021642,1.299361506021642,-0.0011203711702325592,0.0
2025-10-31,712063.0060216419,578817.3,1290880.306021642,1.2908803060216418,-0.006527205832014715,0.0
2025-11-03,712491.3116817219,583321.0,1295812.3116817218,1.2958123116817217,0.003820652958351989,0.2144811343921442
2025-11-04,712491.3116817219,579854.8,1292346.111681722,1.292346111681722,-0.0026749244228905233,0.0
2025-11-05,712491.3116817219,586829.8,1299321.111681722,1.299321111681722,0.0053971609748748595,0.0
2025-11-06,712491.3116817219,592060.0,1304551.3116817218,1.3045513116817218,0.004025332885748467,0.0
2025-11-07,712491.3116817219,595505.0,1307996.3116817218,1.307996311681722,0.0026407546940863114,0.0
2025-11-10,712491.3116817219,596846.6000000001,1309337.911681722,1.3093379116817219,0.0010256909656536362,0.0
2025-11-11,712491.3116817219,593360.2,1305851.511681722,1.305851511681722,-0.0026627198134986374,0.0
2025-11-12,712491.3116817219,589945.2000000001,1302436.511681722,1.302436511681722,-0.0026151518526038586,0.0
2025-11-13,712491.3116817219,599551.1000000001,1312042.411681722,1.312042411681722,0.00737533070813301,0.0
2025-11-14,712491.3116817219,593510.4,1306001.711681722,1.306001711681722,-0.004604043242975031,0.0
2025-11-17,636094.404718022,667403.9,1303498.304718022,1.303498304718022,-0.0019168481490551281,0.2822575532656242
2025-11-18,636094.404718022,656815.1,1292909.504718022,1.292909504718022,-0.00812337074906333,0.0
2025-11-19,636094.404718022,660420.7,1296515.104718022,1.2965151047180221,0.002788748931648044,0.0
2025-11-20,636094.404718022,658891.7,1294986.104718022,1.294986104718022,-0.0011793152231207582,0.0
2025-11-21,636094.404718022,642538.0,1278632.4047180219,1.2786324047180218,-0.012628475271216244,0.0
2025-11-24,636094.404718022,637776.6,1273871.004718022,1.273871004718022,-0.0037238224077779103,0.0
2025-11-25,636094.404718022,642670.8,1278765.2047180221,1.2787652047180222,0.0038419902657911287,0.0
2025-11-26,636094.404718022,640739.8,1276834.2047180221,1.2768342047180221,-0.00151005047124797,0.0
2025-11-27,636094.404718022,641349.1000000001,1277443.504718022,1.277443504718022,0.0004771958628211337,0.0
2025-11-28,636094.404718022,643205.1,1279299.504718022,1.279299504718022,0.0014529018255173831,0.0
2025-12-01,758877.028017312,523386.39999999997,1282263.428017312,1.282263428017312,0.00231683299208596,0.5001132640092915
2025-12-02,758877.028017312,522135.8,1281012.828017312,1.281012828017312,-0.0009753066122564213,0.0
2025-12-03,758877.028017312,519774.8,1278651.828017312,1.278651828017312,-0.001843072878242924,0.0
2025-12-04,758877.028017312,519148.39999999997,1278025.428017312,1.278025428017312,-0.0004898909822632636,0.0
2025-12-05,758877.028017312,521767.8,1280644.828017312,1.2806448280173122,0.002049567983998468,0.0
2025-12-08,758877.028017312,522437.0,1281314.028017312,1.281314028017312,0.0005225492543752264,0.0
2025-12-09,758877.028017312,518792.19999999995,1277669.228017312,1.277669228017312,-0.002844579798786717,0.0
2025-12-10,758877.028017312,517917.4,1276794.4280173122,1.2767944280173122,-0.0006846842522436614,0.0
2025-12-11,758877.028017312,514299.4,1273176.4280173122,1.2731764280173121,-0.002833658982690168,0.0
2025-12-12,758877.028017312,514749.4,1273626.4280173122,1.2736264280173122,0.00035344669450143584,0.0
2025-12-15,12497.001091977116,1259979.3,1272476.3010919772,1.272476301091977,-0.0009030331815000903,0.9925528841435258
2025-12-16,12497.001091977116,1242666.0,1255163.001091977,1.2551630010919772,-0.013605990135252544,0.0
2025-12-17,12497.001091977116,1257460.6,1269957.6010919772,1.2699576010919773,0.01178699498561464,0.0
2025-12-18,12497.001091977116,1256209.9000000001,1268706.9010919773,1.2687069010919771,-0.0009848360283245539,0.0
2025-12-19,12497.001091977116,1266041.3,1278538.3010919772,1.278538301091977,0.007749149934896726,0.0
2025-12-22,12497.001091977116,1276523.4,1289020.401091977,1.289020401091977,0.008198502924040119,0.0
2025-12-23,12497.001091977116,1272478.5,1284975.501091977,1.2849755010919772,-0.0031379642995357226,0.0
2025-12-24,12497.001091977116,1289695.8,1302192.8010919772,1.3021928010919772,0.013398932497443505,0.0
2025-12-25,12497.001091977116,1304215.7,1316712.701091977,1.316712701091977,0.01115034577661933,0.0
2025-12-26,12497.001091977116,1311716.2,1324213.201091977,1.3242132010919772,0.005696383116666093,0.0
2025-12-29,14261.466741977116,1311115.2,1325376.666741977,1.325376666741977,0.0008786090102714805,0.018175173174646744
2025-12-30,14261.466741977116,1310284.8,1324546.266741977,1.3245462667419772,-0.0006265388706753194,0.0
2025-12-31,14261.466741977116,1315815.2,1330076.666741977,1.330076666741977,0.004175316588678424,0.0
