trade_date,symbol,open,high,low,close,volume,amount,adj_factor
2023-01-03,159915.SZ,2.267,2.293,2.246,2.289,4154350.0,943665756.348,
2023-01-04,159915.SZ,2.28,2.283,2.255,2.267,3642832.0,827058629.22,
2023-01-05,159915.SZ,2.276,2.334,2.274,2.33,6603989.0,1524537065.585,
2023-01-06,159915.SZ,2.321,2.368,2.315,2.35,4965654.0,1164821538.86,
2023-01-09,159915.SZ,2.361,2.382,2.356,2.365,3195073.0,756781803.999,
2023-01-10,159915.SZ,2.365,2.406,2.36,2.401,3763983.0,898088948.698,
2023-01-11,159915.SZ,2.401,2.409,2.369,2.374,2923227.0,698040665.78,
2023-01-12,159915.SZ,2.383,2.404,2.375,2.382,3475973.0,829707689.34,
2023-01-13,159915.SZ,2.397,2.417,2.388,2.417,3792202.0,909951500.141,
2023-01-16,159915.SZ,2.421,2.492,2.417,2.462,5158873.0,1269926087.484,
2023-01-17,159915.SZ,2.465,2.483,2.46,2.47,2462065.0,608463040.288,
2023-01-18,159915.SZ,2.479,2.482,2.457,2.468,2641094.0,652164937.4,
2023-01-19,159915.SZ,2.465,2.498,2.454,2.496,3016618.0,748630145.911,
2023-01-20,159915.SZ,2.505,2.518,2.495,2.507,4008460.0,1004660329.568,
2023-01-30,159915.SZ,2.577,2.579,2.532,2.533,5683977.0,1450511413.592,
2023-01-31,159915.SZ,2.533,2.543,2.497,2.507,3745048.0,943675151.217,
2023-02-01,159915.SZ,2.516,2.538,2.495,2.537,4638571.0,1167804023.758,
2023-02-02,159915.SZ,2.544,2.554,2.519,2.524,3119554.0,791120816.775,
2023-02-03,159915.SZ,2.515,2.527,2.475,2.5,4632210.0,1158328375.601,
2023-02-06,159915.SZ,2.486,2.486,2.449,2.468,4240242.0,1045613922.704,
2023-02-07,159915.SZ,2.474,2.482,2.445,2.461,3967825.0,976604426.133,
2023-02-08,159915.SZ,2.466,2.475,2.445,2.447,3929469.0,966329485.284,
2023-02-09,159915.SZ,2.444,2.496,2.44,2.493,4730294.0,1172120589.556,
2023-02-10,159915.SZ,2.493,2.494,2.455,2.465,4264098.0,1054102719.203,
2023-02-13,159915.SZ,2.463,2.502,2.463,2.495,4003011.0,995868214.878,
2023-02-14,159915.SZ,2.502,2.508,2.475,2.49,2709498.0,673563677.11,
2023-02-15,159915.SZ,2.488,2.498,2.466,2.468,2759204.0,682666614.98,
2023-02-16,159915.SZ,2.473,2.491,2.422,2.436,4404394.0,1083733097.476,
2023-02-17,159915.SZ,2.433,2.439,2.375,2.378,5949468.0,1429280289.727,
2023-02-20,159915.SZ,2.372,2.409,2.353,2.403,5333660.0,1269505061.414,
2023-02-21,159915.SZ,2.401,2.407,2.378,2.395,3780998.0,905100097.7,
2023-02-22,159915.SZ,2.385,2.399,2.372,2.377,3420616.0,815119185.33,
2023-02-23,159915.SZ,2.379,2.398,2.374,2.385,3849257.0,918343003.602,
2023-02-24,159915.SZ,2.388,2.39,2.354,2.357,4935288.0,1167374629.836,
2023-02-27,159915.SZ,2.347,2.362,2.333,2.34,5052813.0,1183931502.392,
2023-02-28,159915.SZ,2.35,2.362,2.334,2.359,4766879.0,1120630125.193,
2023-03-01,159915.SZ,2.358,2.378,2.344,2.372,6412398.0,1515000132.132,
2023-03-02,159915.SZ,2.368,2.371,2.341,2.347,5046453.0,1187932735.936,
2023-03-03,159915.SZ,2.353,2.362,2.332,2.352,5632116.0,1323371045.211,
2023-03-06,159915.SZ,2.356,2.365,2.32,2.361,7738048.0,1815382144.734,
2023-03-07,159915.SZ,2.354,2.359,2.311,2.312,8956964.0,2091310410.946,
2023-03-08,159915.SZ,2.303,2.319,2.296,2.308,7611736.0,1754539003.433,
2023-03-09,159915.SZ,2.309,2.316,2.296,2.303,6948051.0,1602665742.41,
2023-03-10,159915.SZ,2.295,2.318,2.284,2.3,9929630.0,2284813245.1,
2023-03-13,159915.SZ,2.295,2.306,2.276,2.287,10195900.0,2333097120.399,
2023-03-14,159915.SZ,2.285,2.287,2.238,2.276,11674301.0,2646251583.758,
2023-03-15,159915.SZ,2.285,2.303,2.266,2.268,10187440.0,2327203774.176,
2023-03-16,159915.SZ,2.257,2.265,2.23,2.233,12835765.0,2884549879.575,
2023-03-17,159915.SZ,2.248,2.252,2.221,2.228,16480314.0,3685846849.535,
2023-03-20,159915.SZ,2.229,2.25,2.213,2.226,15921009.0,3546732507.992,
2023-03-21,159915.SZ,2.233,2.266,2.232,2.265,16259210.0,3658666378.204,
2023-03-22,159915.SZ,2.27,2.286,2.26,2.27,14370671.0,3267475374.119,
2023-03-23,159915.SZ,2.262,2.288,2.259,2.288,8626970.0,1965791419.49,
2023-03-24,159915.SZ,2.292,2.3,2.282,2.297,8485594.0,1946226679.717,
2023-03-27,159915.SZ,2.293,2.325,2.29,2.323,12049124.0,2786917097.533,
2023-03-28,159915.SZ,2.322,2.322,2.293,2.298,6173109.0,1422968347.472,
2023-03-29,159915.SZ,2.3,2.309,2.294,2.297,5585027.0,1286214706.707,
2023-03-30,159915.SZ,2.3,2.313,2.29,2.313,5651995.0,1301419790.113,
2023-03-31,159915.SZ,2.321,2.328,2.314,2.327,6808435.0,1580918255.262,
2023-04-03,159915.SZ,2.327,2.37,2.327,2.366,11096153.0,2608463108.322,
2023-04-04,159915.SZ,2.366,2.367,2.336,2.35,7764314.0,1822002563.154,
2023-04-06,159915.SZ,2.334,2.355,2.331,2.354,5487069.0,1285376423.21,
2023-04-07,159915.SZ,2.351,2.38,2.347,2.369,5684291.0,1346645921.39,
2023-04-10,159915.SZ,2.379,2.385,2.358,2.368,8264410.0,1960483425.724,
2023-04-11,159915.SZ,2.367,2.386,2.351,2.362,5058054.0,1197323525.615,
2023-04-12,159915.SZ,2.364,2.364,2.342,2.353,5356209.0,1259523938.32,
2023-04-13,159915.SZ,2.345,2.352,2.332,2.332,4415316.0,1033292670.392,
2023-04-14,159915.SZ,2.342,2.356,2.336,2.355,5338872.0,1254207925.494,
2023-04-17,159915.SZ,2.354,2.366,2.348,2.364,4229752.0,997150264.8,
2023-04-18,159915.SZ,2.362,2.372,2.35,2.354,4686560.0,1105884332.189,
2023-04-19,159915.SZ,2.356,2.356,2.338,2.339,3090913.0,724993726.414,
2023-04-20,159915.SZ,2.337,2.338,2.304,2.314,5434874.0,1259885382.868,
2023-04-21,159915.SZ,2.318,2.326,2.268,2.269,6917726.0,1587990018.845,
2023-04-24,159915.SZ,2.267,2.269,2.22,2.234,7294237.0,1633647557.757,
2023-04-25,159915.SZ,2.236,2.241,2.178,2.193,13608452.0,2993352612.481,
2023-04-26,159915.SZ,2.187,2.238,2.184,2.226,11083037.0,2461077825.159,
2023-04-27,159915.SZ,2.219,2.247,2.215,2.24,4590208.0,1025641028.228,
2023-04-28,159915.SZ,2.247,2.26,2.236,2.255,4133146.0,929424455.635,
2023-05-04,159915.SZ,2.253,2.253,2.224,2.23,3845670.0,858954724.27,
2023-05-05,159915.SZ,2.228,2.23,2.194,2.202,5257951.0,1161401101.16,
2023-05-08,159915.SZ,2.21,2.214,2.188,2.213,7761581.0,1709956981.041,
2023-05-09,159915.SZ,2.209,2.211,2.179,2.18,8089629.0,1776822707.692,
2023-05-10,159915.SZ,2.176,2.21,2.166,2.199,11774381.0,2574160725.628,
2023-05-11,159915.SZ,2.201,2.229,2.2,2.211,8314269.0,1841293786.245,
2023-05-12,159915.SZ,2.211,2.22,2.185,2.185,5986893.0,1317692906.827,
2023-05-15,159915.SZ,2.192,2.235,2.19,2.234,6916403.0,1532618072.966,
2023-05-16,159915.SZ,2.242,2.244,2.222,2.228,6250010.0,1395160843.55,
2023-05-17,159915.SZ,2.23,2.236,2.217,2.229,6221353.0,1384597411.611,
2023-05-18,159915.SZ,2.233,2.237,2.198,2.215,7670419.0,1699666378.098,
2023-05-19,159915.SZ,2.212,2.229,2.206,2.215,4472283.0,991730762.438,
2023-05-22,159915.SZ,2.216,2.227,2.201,2.214,5172903.0,1144617725.1,
2023-05-23,159915.SZ,2.216,2.218,2.186,2.187,6933644.0,1527019908.604,
2023-05-24,159915.SZ,2.181,2.204,2.175,2.183,7395047.0,1618149752.086,
2023-05-25,159915.SZ,2.179,2.194,2.166,2.184,8126967.0,1770841547.728,
2023-05-26,159915.SZ,2.183,2.183,2.153,2.167,9181841.0,1990154129.266,
2023-05-29,159915.SZ,2.171,2.177,2.136,2.143,7125225.0,1531858751.801,
2023-05-30,159915.SZ,2.139,2.157,2.12,2.155,7249693.0,1552001556.974,
2023-05-31,159915.SZ,2.149,2.153,2.125,2.131,8498795.0,1815634532.653,
2023-06-01,159915.SZ,2.133,2.163,2.127,2.148,8826449.0,1899353699.709,
2023-06-02,159915.SZ,2.156,2.179,2.152,2.175,7879769.0,1708637641.611,
2023-06-05,159915.SZ,2.173,2.173,2.138,2.143,8672138.0,1861880058.649,
2023-06-06,159915.SZ,2.14,2.141,2.102,2.106,9012032.0,1912088170.629,
2023-06-07,159915.SZ,2.105,2.106,2.069,2.075,9359429.0,1949152965.977,
2023-06-08,159915.SZ,2.075,2.083,2.064,2.071,9368152.0,1941993647.294,
2023-06-09,159915.SZ,2.073,2.086,2.064,2.086,8745659.0,1814523637.904,
2023-06-12,159915.SZ,2.08,2.106,2.076,2.095,7595908.0,1588662807.187,
2023-06-13,159915.SZ,2.093,2.113,2.09,2.111,7058034.0,1485189091.473,
2023-06-14,159915.SZ,2.115,2.121,2.106,2.106,6824060.0,1441646659.143,
2023-06-15,159915.SZ,2.114,2.18,2.114,2.179,18945139.0,4072250914.331,
2023-06-16,159915.SZ,2.185,2.215,2.178,2.208,10714323.0,2354504582.919,
2023-06-19,159915.SZ,2.211,2.219,2.201,2.207,7367843.0,1627002667.741,
2023-06-20,159915.SZ,2.203,2.22,2.199,2.21,5795831.0,1280742117.803,
2023-06-21,159915.SZ,2.206,2.208,2.155,2.156,7175166.0,1563223806.373,
2023-06-26,159915.SZ,2.14,2.158,2.118,2.133,6925302.0,1478758273.7,
2023-06-27,159915.SZ,2.133,2.151,2.124,2.138,5959136.0,1273123146.83,
2023-06-28,159915.SZ,2.134,2.135,2.107,2.126,6467057.0,1373018915.509,
2023-06-29,159915.SZ,2.121,2.139,2.121,2.129,3774614.0,804433119.411,
2023-06-30,159915.SZ,2.126,2.174,2.118,2.164,10091436.0,2177900541.632,
2023-07-03,159915.SZ,2.168,2.185,2.16,2.171,5582985.0,1213190974.763,
2023-07-04,159915.SZ,2.169,2.178,2.161,2.174,4306543.0,934176287.662,
2023-07-05,159915.SZ,2.176,2.182,2.152,2.156,3978490.0,861355843.8,
2023-07-06,159915.SZ,2.15,2.163,2.133,2.137,5978724.0,1281170745.728,
2023-07-07,159915.SZ,2.13,2.132,2.116,2.118,4742779.0,1006764646.903,
2023-07-10,159915.SZ,2.127,2.158,2.126,2.145,5823235.0,1248499024.991,
2023-07-11,159915.SZ,2.147,2.162,2.138,2.161,3706789.0,797744814.985,
2023-07-12,159915.SZ,2.162,2.163,2.138,2.139,4353128.0,935868566.201,
2023-07-13,159915.SZ,2.151,2.182,2.151,2.182,6341780.0,1378630702.278,
2023-07-14,159915.SZ,2.184,2.187,2.167,2.169,5191818.0,1128574320.219,
2023-07-17,159915.SZ,2.163,2.164,2.142,2.152,3642698.0,783461345.012,
2023-07-18,159915.SZ,2.155,2.159,2.143,2.147,4462889.0,958560160.478,
2023-07-19,159915.SZ,2.145,2.148,2.117,2.125,6795781.0,1445979320.509,
2023-07-20,159915.SZ,2.129,2.145,2.098,2.103,8536235.0,1811813284.511,
2023-07-21,159915.SZ,2.1,2.123,2.097,2.11,5375403.0,1134454100.044,
2023-07-24,159915.SZ,2.1,2.114,2.088,2.09,6242250.0,1308892789.909,
2023-07-25,159915.SZ,2.123,2.14,2.113,2.136,9349575.0,1988807314.884,
2023-07-26,159915.SZ,2.13,2.138,2.125,2.135,6837817.0,1458159714.989,
2023-07-27,159915.SZ,2.14,2.15,2.125,2.129,4941275.0,1056226088.934,
2023-07-28,159915.SZ,2.12,2.169,2.117,2.163,9366865.0,2013407724.616,
2023-07-31,159915.SZ,2.172,2.199,2.172,2.182,6609653.0,1445212383.63,
2023-08-01,159915.SZ,2.18,2.192,2.161,2.168,4864460.0,1058105268.735,
2023-08-02,159915.SZ,2.166,2.177,2.158,2.164,4060986.0,879593774.671,
2023-08-03,159915.SZ,2.158,2.187,2.158,2.187,4455753.0,969634983.313,
2023-08-04,159915.SZ,2.21,2.225,2.19,2.204,8867475.0,1959096598.609,
2023-08-07,159915.SZ,2.198,2.201,2.179,2.185,5951739.0,1301999178.47,
2023-08-08,159915.SZ,2.183,2.19,2.171,2.177,5264217.0,1147757817.04,
2023-08-09,159915.SZ,2.17,2.185,2.169,2.174,4116312.0,895238678.783,
2023-08-10,159915.SZ,2.173,2.186,2.165,2.184,4737376.0,1031790344.633,
2023-08-11,159915.SZ,2.187,2.187,2.129,2.129,7023687.0,1512087615.606,
2023-08-14,159915.SZ,2.112,2.115,2.087,2.113,7658517.0,1610654412.627,
2023-08-15,159915.SZ,2.112,2.116,2.078,2.096,6416059.0,1342676080.731,
2023-08-16,159915.SZ,2.085,2.102,2.08,2.082,4670580.0,976619953.045,
2023-08-17,159915.SZ,2.078,2.099,2.061,2.094,7563131.0,1574016215.566,
2023-08-18,159915.SZ,2.09,2.101,2.064,2.065,6226475.0,1297043878.266,
2023-08-21,159915.SZ,2.061,2.061,2.033,2.035,6871950.0,1407292362.424,
2023-08-22,159915.SZ,2.043,2.05,1.998,2.038,11460186.0,2319842201.515,
2023-08-23,159915.SZ,2.023,2.028,1.984,1.987,9056674.0,1816410148.755,
2023-08-24,159915.SZ,1.995,2.031,1.99,2.014,9914098.0,1994099514.06,
2023-08-25,159915.SZ,2.0,2.007,1.982,1.991,6827771.0,1362246860.638,
2023-08-28,159915.SZ,2.136,2.136,2.003,2.01,13123418.0,2700032793.544,
2023-08-29,159915.SZ,2.002,2.08,2.0,2.067,10960279.0,2248179739.882,
2023-08-30,159915.SZ,2.064,2.088,2.057,2.066,6586467.0,1364718724.19,
2023-08-31,159915.SZ,2.062,2.064,2.048,2.052,4098959.0,842366261.501,
2023-09-01,159915.SZ,2.058,2.068,2.04,2.049,3885205.0,797102947.698,
2023-09-04,159915.SZ,2.058,2.069,2.038,2.067,6799681.0,1398673132.026,
2023-09-05,159915.SZ,2.06,2.069,2.055,2.057,4350852.0,896796269.804,
2023-09-06,159915.SZ,2.05,2.053,2.037,2.049,4481243.0,916192384.969,
2023-09-07,159915.SZ,2.043,2.043,2.003,2.003,6253926.0,1262214404.272,
2023-09-08,159915.SZ,2.0,2.005,1.987,1.998,4690669.0,936024551.608,
2023-09-11,159915.SZ,2.0,2.025,1.99,2.011,5840379.0,1172438835.229,
2023-09-12,159915.SZ,2.007,2.012,1.997,1.998,4265938.0,854262967.943,
2023-09-13,159915.SZ,1.995,2.002,1.964,1.974,7345141.0,1453391113.1,
2023-09-14,159915.SZ,1.969,1.974,1.952,1.96,7055404.0,1383425958.49,
2023-09-15,159915.SZ,1.962,1.972,1.946,1.954,8965208.0,1753078110.606,
2023-09-18,159915.SZ,1.951,1.982,1.946,1.968,7729081.0,1521163681.185,
2023-09-19,159915.SZ,1.966,1.967,1.945,1.952,6882452.0,1343148109.074,
2023-09-20,159915.SZ,1.947,1.952,1.935,1.936,5492624.0,1066751867.356,
2023-09-21,159915.SZ,1.93,1.94,1.917,1.917,5594249.0,1077187922.054,
2023-09-22,159915.SZ,1.913,1.964,1.911,1.964,9745011.0,1892135675.372,
2023-09-25,159915.SZ,1.955,1.963,1.949,1.953,4760782.0,930583694.729,
2023-09-26,159915.SZ,1.951,1.958,1.938,1.938,4548459.0,884715811.998,
2023-09-27,159915.SZ,1.935,1.977,1.935,1.956,7918953.0,1549533282.592,
2023-09-28,159915.SZ,1.958,1.968,1.945,1.953,4960486.0,969167462.235,
2023-10-09,159915.SZ,1.95,1.956,1.928,1.947,5801127.0,1125998596.722,
2023-10-10,159915.SZ,1.954,1.962,1.936,1.938,4585178.0,893269399.65,
2023-10-11,159915.SZ,1.945,1.969,1.945,1.954,5787960.0,1132965435.236,
2023-10-12,159915.SZ,1.969,1.971,1.951,1.968,5099397.0,1001556845.373,
2023-10-13,159915.SZ,1.954,1.956,1.936,1.945,5708362.0,1110367167.052,
2023-10-16,159915.SZ,1.945,1.947,1.9,1.906,7719278.0,1479735211.777,
2023-10-17,159915.SZ,1.91,1.919,1.9,1.912,4152577.0,793332533.945,
2023-10-18,159915.SZ,1.906,1.906,1.885,1.887,5781098.0,1093760512.562,
2023-10-19,159915.SZ,1.878,1.887,1.864,1.867,7172698.0,1345516353.388,
2023-10-20,159915.SZ,1.86,1.874,1.845,1.85,7344155.0,1363194268.6,
2023-10-23,159915.SZ,1.845,1.845,1.806,1.815,9515482.0,1734577390.475,
2023-10-24,159915.SZ,1.818,1.842,1.812,1.832,8474434.0,1548311384.565,
2023-10-25,159915.SZ,1.844,1.848,1.814,1.815,9044607.0,1655296717.16,
2023-10-26,159915.SZ,1.802,1.83,1.793,1.829,8462440.0,1530249533.136,
2023-10-27,159915.SZ,1.82,1.888,1.816,1.881,13235087.0,2456974471.157,
2023-10-30,159915.SZ,1.874,1.933,1.874,1.926,14828830.0,2835314842.376,
2023-10-31,159915.SZ,1.92,1.923,1.907,1.916,4614183.0,883490876.275,
2023-11-01,159915.SZ,1.921,1.923,1.899,1.908,4354752.0,831878498.737,
2023-11-02,159915.SZ,1.912,1.922,1.889,1.89,4815026.0,916837551.864,
2023-11-03,159915.SZ,1.894,1.925,1.894,1.918,6255220.0,1196348049.99,
2023-11-06,159915.SZ,1.93,1.982,1.93,1.981,10733074.0,2108232238.048,
2023-11-07,159915.SZ,1.974,1.98,1.96,1.967,6945658.0,1367621073.153,
2023-11-08,159915.SZ,1.964,1.983,1.957,1.971,6967776.0,1374036921.459,
2023-11-09,159915.SZ,1.968,1.983,1.961,1.967,5760086.0,1134900129.379,
2023-11-10,159915.SZ,1.958,1.96,1.948,1.955,5055579.0,987856579.081,
2023-11-13,159915.SZ,1.965,1.97,1.945,1.958,5083840.0,994005985.157,
2023-11-14,159915.SZ,1.957,1.973,1.943,1.953,5992595.0,1173304817.079,
2023-11-15,159915.SZ,1.98,1.983,1.956,1.963,6513422.0,1282823008.767,
2023-11-16,159915.SZ,1.961,1.962,1.925,1.925,7428397.0,1439596749.633,
2023-11-17,159915.SZ,1.92,1.935,1.918,1.934,3698543.0,713018363.956,
2023-11-20,159915.SZ,1.934,1.947,1.918,1.942,6020104.0,1162760020.945,
2023-11-21,159915.SZ,1.949,1.962,1.928,1.931,7599572.0,1477950379.886,
2023-11-22,159915.SZ,1.923,1.93,1.899,1.899,7736300.0,1478989709.677,
2023-11-23,159915.SZ,1.898,1.912,1.891,1.911,5082927.0,966151374.152,
2023-11-24,159915.SZ,1.908,1.91,1.885,1.888,5475884.0,1036666689.054,
2023-11-27,159915.SZ,1.883,1.886,1.868,1.878,4792836.0,898970208.26,
2023-11-28,159915.SZ,1.874,1.89,1.87,1.89,4044168.0,760640145.591,
2023-11-29,159915.SZ,1.886,1.888,1.867,1.867,4509925.0,846641824.76,
2023-11-30,159915.SZ,1.869,1.884,1.863,1.874,4464594.0,836239285.038,
2023-12-01,159915.SZ,1.873,1.887,1.856,1.881,6312007.0,1181661361.571,
2023-12-04,159915.SZ,1.878,1.88,1.858,1.858,6568211.0,1226999419.549,
2023-12-05,159915.SZ,1.854,1.857,1.822,1.823,7334469.0,1349960021.938,
2023-12-06,159915.SZ,1.818,1.85,1.816,1.834,5351235.0,983248291.957,
2023-12-07,159915.SZ,1.828,1.841,1.817,1.829,5021061.0,917245048.662,
2023-12-08,159915.SZ,1.831,1.848,1.823,1.843,4918462.0,903724815.643,
2023-12-11,159915.SZ,1.836,1.872,1.819,1.868,9670301.0,1784431939.823,
2023-12-12,159915.SZ,1.861,1.865,1.851,1.856,6573033.0,1220686877.755,
2023-12-13,159915.SZ,1.85,1.85,1.822,1.822,6941014.0,1272670979.771,
2023-12-14,159915.SZ,1.833,1.846,1.812,1.812,5317268.0,971479846.505,
2023-12-15,159915.SZ,1.82,1.83,1.795,1.802,7355922.0,1331806827.852,
2023-12-18,159915.SZ,1.792,1.799,1.767,1.773,6636733.0,1182987159.103,
2023-12-19,159915.SZ,1.771,1.791,1.767,1.781,6635994.0,1178902788.072,
2023-12-20,159915.SZ,1.783,1.787,1.755,1.755,7435957.0,1314787691.285,
2023-12-21,159915.SZ,1.749,1.794,1.747,1.787,9659934.0,1712190864.094,
2023-12-22,159915.SZ,1.779,1.801,1.766,1.78,8841372.0,1576158511.174,
2023-12-25,159915.SZ,1.777,1.791,1.772,1.783,5703304.0,1015507698.85,
2023-12-26,159915.SZ,1.78,1.781,1.753,1.761,8185801.0,1442271689.63,
2023-12-27,159915.SZ,1.762,1.771,1.75,1.763,6536878.0,1150699719.655,
2023-12-28,159915.SZ,1.761,1.84,1.757,1.833,15884491.0,2875816785.62,
2023-12-29,159915.SZ,1.828,1.848,1.827,1.842,7493274.0,1378547224.124,
2024-01-02,159915.SZ,1.842,1.842,1.806,1.806,7089134.0,1289636676.348,1.0
2024-01-03,159915.SZ,1.802,1.809,1.778,1.787,7887162.0,1412240535.042,1.0
2024-01-04,159915.SZ,1.783,1.786,1.748,1.754,10753851.0,1892807410.772,1.0
2024-01-05,159915.SZ,1.751,1.768,1.72,1.728,11806031.0,2058616833.088,
2024-01-08,159915.SZ,1.724,1.734,1.698,1.699,12421990.0,2127475776.66,
2024-01-09,159915.SZ,1.702,1.729,1.691,1.706,12561517.0,2143990454.555,
2024-01-10,159915.SZ,1.696,1.726,1.681,1.698,11066784.0,1886530670.936,
2024-01-11,159915.SZ,1.694,1.744,1.694,1.732,13703936.0,2359728392.379,
2024-01-12,159915.SZ,1.722,1.739,1.713,1.714,10125457.0,1746324895.392,
2024-01-15,159915.SZ,1.702,1.72,1.692,1.698,8517910.0,1451523478.967,
2024-01-16,159915.SZ,1.692,1.709,1.679,1.708,12847605.0,2176231828.164,
2024-01-17,159915.SZ,1.7,1.7,1.653,1.656,12653379.0,2123585814.985,
2024-01-18,159915.SZ,1.643,1.69,1.635,1.683,16880885.0,2794540413.086,
2024-01-19,159915.SZ,1.675,1.697,1.669,1.669,14864531.0,2498436774.154,
2024-01-22,159915.SZ,1.663,1.67,1.612,1.623,13022844.0,2144565815.448,
2024-01-23,159915.SZ,1.62,1.656,1.612,1.642,14088142.0,2311645670.571,
2024-01-24,159915.SZ,1.65,1.657,1.599,1.65,15021493.0,2449723396.253,
2024-01-25,159915.SZ,1.641,1.676,1.628,1.675,17851989.0,2958236063.376,
2024-01-26,159915.SZ,1.665,1.67,1.633,1.637,13965335.0,2307114645.895,
2024-01-29,159915.SZ,1.638,1.643,1.58,1.58,16865287.0,2705441120.778,
2024-01-30,159915.SZ,1.57,1.589,1.541,1.544,15955558.0,2493371606.879,
2024-01-31,159915.SZ,1.544,1.56,1.53,1.533,18661332.0,2884546065.995,
2024-02-01,159915.SZ,1.527,1.574,1.522,1.548,19813258.0,3070980291.653,
2024-02-02,159915.SZ,1.546,1.554,1.471,1.508,25536277.0,3868328778.934,
2024-02-05,159915.SZ,1.491,1.56,1.444,1.527,62847942.0,9548912110.888,
2024-02-06,159915.SZ,1.508,1.624,1.502,1.623,36880751.0,5835093267.116,
2024-02-07,159915.SZ,1.622,1.666,1.614,1.66,43618911.0,7203702865.633,
2024-02-08,159915.SZ,1.67,1.718,1.669,1.681,25603676.0,4328895568.062,
2024-02-19,159915.SZ,1.704,1.707,1.675,1.697,22819199.0,3851174613.555,
2024-02-20,159915.SZ,1.688,1.701,1.676,1.696,13329437.0,2253230303.13,
2024-02-21,159915.SZ,1.681,1.736,1.676,1.703,12371674.0,2116292414.101,
2024-02-22,159915.SZ,1.7,1.714,1.694,1.71,9607940.0,1636373905.059,
2024-02-23,159915.SZ,1.717,1.719,1.695,1.709,8398755.0,1432116124.756,
2024-02-26,159915.SZ,1.706,1.72,1.69,1.704,12311415.0,2098414307.647,
2024-02-27,159915.SZ,1.696,1.746,1.694,1.746,12148528.0,2089515169.044,
2024-02-28,159915.SZ,1.749,1.78,1.701,1.701,18649875.0,3255806446.122,
2024-02-29,159915.SZ,1.696,1.762,1.693,1.761,14247782.0,2471440725.001,
2024-03-01,159915.SZ,1.757,1.781,1.746,1.775,12881947.0,2273286642.421,
2024-03-04,159915.SZ,1.773,1.796,1.767,1.783,9626856.0,1715526745.231,
2024-03-05,159915.SZ,1.771,1.794,1.765,1.78,34464320.0,6145635731.623,
2024-03-06,159915.SZ,1.773,1.805,1.761,1.782,15007242.0,2665126135.581,
2024-03-07,159915.SZ,1.779,1.788,1.74,1.742,12194754.0,2142139665.232,
2024-03-08,159915.SZ,1.745,1.763,1.73,1.756,8227489.0,1438428485.099,
2024-03-11,159915.SZ,1.76,1.84,1.76,1.84,20127243.0,3627820398.651,
2024-03-12,159915.SZ,1.845,1.863,1.832,1.851,11138939.0,2058508901.515,
2024-03-13,159915.SZ,1.854,1.859,1.838,1.841,8936894.0,1650375298.174,
2024-03-14,159915.SZ,1.841,1.86,1.818,1.832,8278951.0,1520527764.472,
2024-03-15,159915.SZ,1.825,1.836,1.796,1.833,10764747.0,1953112039.125,
2024-03-18,159915.SZ,1.85,1.875,1.848,1.875,14211896.0,2643711004.149,
2024-03-19,159915.SZ,1.87,1.873,1.852,1.853,7903054.0,1474010253.765,
2024-03-20,159915.SZ,1.848,1.862,1.844,1.856,6171236.0,1143969188.114,
2024-03-21,159915.SZ,1.86,1.868,1.844,1.846,7108849.0,1316880020.165,
2024-03-22,159915.SZ,1.843,1.844,1.808,1.817,10667121.0,1943555229.485,
2024-03-25,159915.SZ,1.809,1.819,1.781,1.781,11583246.0,2087959021.225,
2024-03-26,159915.SZ,1.782,1.805,1.777,1.792,10141589.0,1815893657.353,
2024-03-27,159915.SZ,1.787,1.788,1.741,1.742,7599032.0,1339840543.91,
2024-03-28,159915.SZ,1.74,1.778,1.738,1.758,7390774.0,1300045015.431,
2024-03-29,159915.SZ,1.756,1.773,1.75,1.768,5988697.0,1055046937.284,
2024-04-01,159915.SZ,1.78,1.822,1.78,1.822,8830135.0,1596048944.79,
2024-04-02,159915.SZ,1.822,1.822,1.801,1.808,6401949.0,1158298114.724,
2024-04-03,159915.SZ,1.804,1.804,1.789,1.79,4609270.0,827315040.422,
2024-04-08,159915.SZ,1.785,1.789,1.756,1.758,5396913.0,955289218.836,
2024-04-09,159915.SZ,1.759,1.778,1.752,1.777,4864696.0,859278565.315,
2024-04-10,159915.SZ,1.774,1.774,1.731,1.739,9000053.0,1569964686.588,
2024-04-11,159915.SZ,1.725,1.752,1.725,1.731,7246190.0,1258500431.58,
2024-04-12,159915.SZ,1.73,1.74,1.711,1.713,7251324.0,1249364654.156,
2024-04-15,159915.SZ,1.712,1.757,1.712,1.746,11357926.0,1979130288.867,
2024-04-16,159915.SZ,1.74,1.742,1.709,1.713,7561462.0,1303733279.501,
2024-04-17,159915.SZ,1.718,1.748,1.718,1.747,6311060.0,1094935987.125,
2024-04-18,159915.SZ,1.739,1.759,1.717,1.738,7231806.0,1258117105.748,
2024-04-19,159915.SZ,1.725,1.728,1.692,1.705,8437475.0,1441227373.0,
2024-04-22,159915.SZ,1.695,1.718,1.687,1.703,5119593.0,872464901.952,
2024-04-23,159915.SZ,1.708,1.716,1.693,1.705,4772879.0,813383060.541,
2024-04-24,159915.SZ,1.709,1.72,1.696,1.719,5444651.0,930652227.873,
2024-04-25,159915.SZ,1.71,1.73,1.7,1.716,5916390.0,1015097835.684,
2024-04-26,159915.SZ,1.717,1.777,1.717,1.774,10455629.0,1835092513.043,
2024-04-29,159915.SZ,1.78,1.854,1.78,1.837,12330808.0,2249887446.742,
2024-04-30,159915.SZ,1.837,1.837,1.816,1.816,7158340.0,1307150516.621,
2024-05-06,159915.SZ,1.852,1.863,1.846,1.853,8690891.0,1611906606.445,
2024-05-07,159915.SZ,1.851,1.857,1.844,1.85,5551162.0,1027079885.132,
2024-05-08,159915.SZ,1.847,1.847,1.82,1.821,5926798.0,1083975322.9,
2024-05-09,159915.SZ,1.828,1.86,1.828,1.856,7593648.0,1404404803.6,
2024-05-10,159915.SZ,1.858,1.859,1.829,1.84,6345733.0,1166185263.927,
2024-05-13,159915.SZ,1.819,1.835,1.808,1.817,5506427.0,1003162015.7,
2024-05-14,159915.SZ,1.821,1.831,1.809,1.813,5137245.0,933390405.971,
2024-05-15,159915.SZ,1.814,1.823,1.795,1.797,6397224.0,1155215878.492,
2024-05-16,159915.SZ,1.806,1.819,1.794,1.801,6594689.0,1191189941.165,
2024-05-17,159915.SZ,1.795,1.825,1.791,1.824,7089806.0,1282770696.493,
2024-05-20,159915.SZ,1.828,1.844,1.823,1.831,8230898.0,1508793859.48,
2024-05-21,159915.SZ,1.826,1.831,1.813,1.818,4508421.0,820583253.22,
2024-05-22,159915.SZ,1.819,1.842,1.814,1.839,7434674.0,1358050288.773,
2024-05-23,159915.SZ,1.837,1.837,1.807,1.811,6599889.0,1199542616.421,
2024-05-24,159915.SZ,1.804,1.821,1.778,1.781,6828319.0,1226193736.942,
2024-05-27,159915.SZ,1.784,1.793,1.762,1.792,6219239.0,1104233033.265,
2024-05-28,159915.SZ,1.784,1.789,1.766,1.769,4237288.0,752314720.067,
2024-05-29,159915.SZ,1.768,1.793,1.765,1.772,6817607.0,1212774231.5,
2024-05-30,159915.SZ,1.772,1.783,1.767,1.777,4575191.0,811975922.1,
2024-05-31,159915.SZ,1.781,1.794,1.77,1.772,5199314.0,926361099.15,
2024-06-03,159915.SZ,1.769,1.786,1.764,1.782,5534371.0,983357008.728,
2024-06-04,159915.SZ,1.778,1.812,1.777,1.806,7450205.0,1338179961.014,
2024-06-05,159915.SZ,1.805,1.821,1.796,1.796,5298417.0,958489683.728,
2024-06-06,159915.SZ,1.804,1.808,1.778,1.785,6577509.0,1180252981.529,
2024-06-07,159915.SZ,1.784,1.786,1.729,1.748,10017845.0,1757294814.554,
2024-06-11,159915.SZ,1.735,1.757,1.727,1.752,6034655.0,1050263762.575,
2024-06-12,159915.SZ,1.746,1.754,1.742,1.743,3943802.0,689179251.875,
2024-06-13,159915.SZ,1.752,1.766,1.741,1.742,7245042.0,1267620108.3,
2024-06-14,159915.SZ,1.745,1.762,1.726,1.756,6487355.0,1130929526.855,
2024-06-17,159915.SZ,1.746,1.775,1.743,1.768,6088884.0,1074684609.6,
2024-06-18,159915.SZ,1.769,1.785,1.766,1.776,4924351.0,874882847.353,
2024-06-19,159915.SZ,1.781,1.783,1.752,1.753,6303647.0,1108481829.85,
2024-06-20,159915.SZ,1.75,1.758,1.727,1.728,5944620.0,1033472874.31,
2024-06-21,159915.SZ,1.725,1.729,1.709,1.723,6062895.0,1042667756.0,
2024-06-24,159915.SZ,1.711,1.721,1.693,1.696,7359958.0,1256397081.89,
2024-06-25,159915.SZ,1.694,1.698,1.657,1.666,8888546.0,1489330686.87,
2024-06-26,159915.SZ,1.665,1.7,1.662,1.699,7668659.0,1288964861.958,
2024-06-27,159915.SZ,1.689,1.689,1.669,1.67,7214333.0,1209479321.074,
2024-06-28,159915.SZ,1.665,1.688,1.647,1.652,7560791.0,1261766760.664,
2024-07-01,159915.SZ,1.648,1.658,1.621,1.65,8680997.0,1421609502.621,
2024-07-02,159915.SZ,1.643,1.652,1.627,1.633,6926318.0,1134882671.728,
2024-07-03,159915.SZ,1.633,1.645,1.616,1.629,7416438.0,1208017829.842,
2024-07-04,159915.SZ,1.633,1.643,1.615,1.616,7168739.0,1165540300.32,
2024-07-05,159915.SZ,1.615,1.63,1.601,1.623,8138205.0,1313878495.801,
2024-07-08,159915.SZ,1.615,1.62,1.592,1.596,7936130.0,1273747612.306,
2024-07-09,159915.SZ,1.594,1.629,1.584,1.62,11008810.0,1768440724.248,
2024-07-10,159915.SZ,1.609,1.636,1.608,1.618,7768890.0,1262057166.9,
2024-07-11,159915.SZ,1.64,1.664,1.627,1.654,9657457.0,1590536255.136,
2024-07-12,159915.SZ,1.648,1.661,1.64,1.653,8332844.0,1376375909.296,
2024-07-15,159915.SZ,1.644,1.648,1.633,1.64,7912562.0,1297951099.874,
2024-07-16,159915.SZ,1.638,1.665,1.637,1.664,8758555.0,1448026915.645,
2024-07-17,159915.SZ,1.66,1.674,1.653,1.663,7834300.0,1303083812.509,
2024-07-18,159915.SZ,1.653,1.687,1.649,1.686,20806962.0,3469057541.183,
2024-07-19,159915.SZ,1.673,1.699,1.672,1.692,14700685.0,2486560315.398,
2024-07-22,159915.SZ,1.693,1.702,1.679,1.693,7726957.0,1307253170.83,
2024-07-23,159915.SZ,1.691,1.691,1.639,1.64,7606749.0,1262944816.83,
2024-07-24,159915.SZ,1.634,1.651,1.614,1.619,6715404.0,1095298509.99,
2024-07-25,159915.SZ,1.61,1.627,1.607,1.614,5649908.0,912831629.313,
2024-07-26,159915.SZ,1.617,1.638,1.615,1.627,7502581.0,1220285927.23,
2024-07-29,159915.SZ,1.622,1.623,1.603,1.604,5724428.0,920370351.555,
2024-07-30,159915.SZ,1.6,1.607,1.591,1.601,6106035.0,975027426.172,
2024-07-31,159915.SZ,1.594,1.658,1.592,1.658,14320519.0,2339588940.191,
2024-08-01,159915.SZ,1.659,1.663,1.631,1.636,9030439.0,1484320326.521,
2024-08-02,159915.SZ,1.621,1.639,1.604,1.609,11190243.0,1810881105.993,
2024-08-05,159915.SZ,1.592,1.625,1.576,1.576,12579838.0,2010902183.749,
2024-08-06,159915.SZ,1.594,1.607,1.581,1.597,8932552.0,1423912521.232,
2024-08-07,159915.SZ,1.593,1.601,1.587,1.589,6887508.0,1098120312.3,
2024-08-08,159915.SZ,1.582,1.599,1.568,1.582,8938446.0,1413969051.56,
2024-08-09,159915.SZ,1.59,1.598,1.566,1.566,8196082.0,1294422205.6,
2024-08-12,159915.SZ,1.566,1.572,1.558,1.563,6462704.0,1011415437.4,
2024-08-13,159915.SZ,1.562,1.578,1.558,1.578,7636057.0,1195477104.283,
2024-08-14,159915.SZ,1.575,1.576,1.554,1.555,8798504.0,1373900547.908,
2024-08-15,159915.SZ,1.551,1.579,1.55,1.565,13802745.0,2158889978.627,
2024-08-16,159915.SZ,1.564,1.573,1.558,1.561,6554594.0,1025138603.239,
2024-08-19,159915.SZ,1.56,1.577,1.557,1.559,7943774.0,1244095195.0,
2024-08-20,159915.SZ,1.561,1.562,1.536,1.539,9367585.0,1447293515.25,
2024-08-21,159915.SZ,1.532,1.543,1.527,1.529,7341937.0,1125584865.14,
2024-08-22,159915.SZ,1.53,1.534,1.515,1.516,8555917.0,1301647484.735,
2024-08-23,159915.SZ,1.512,1.526,1.509,1.517,12097258.0,1835561828.46,
2024-08-26,159915.SZ,1.517,1.528,1.511,1.515,7052690.0,1070720952.548,
2024-08-27,159915.SZ,1.511,1.512,1.497,1.5,7951119.0,1194899265.98,
2024-08-28,159915.SZ,1.499,1.505,1.494,1.501,7883197.0,1182047814.75,
2024-08-29,159915.SZ,1.488,1.522,1.484,1.513,18401290.0,2770964892.435,
2024-08-30,159915.SZ,1.511,1.571,1.511,1.552,20670044.0,3199131567.465,
2024-09-02,159915.SZ,1.547,1.552,1.506,1.507,15867300.0,2416710682.158,
2024-09-03,159915.SZ,1.504,1.532,1.503,1.525,11015247.0,1675797248.304,
2024-09-04,159915.SZ,1.512,1.54,1.51,1.525,9785096.0,1492736475.856,
2024-09-05,159915.SZ,1.525,1.546,1.524,1.536,8624512.0,1323868191.808,
2024-09-06,159915.SZ,1.535,1.538,1.508,1.508,9896846.0,1503394564.8,
2024-09-09,159915.SZ,1.5,1.519,1.498,1.513,18135289.0,2736028698.504,
2024-09-10,159915.SZ,1.514,1.524,1.495,1.512,15412588.0,2323816829.436,
2024-09-11,159915.SZ,1.51,1.534,1.507,1.528,14352293.0,2187736485.803,
2024-09-12,159915.SZ,1.536,1.549,1.521,1.525,12617763.0,1936399815.193,
2024-09-13,159915.SZ,1.525,1.528,1.508,1.509,8784237.0,1332460552.155,
2024-09-18,159915.SZ,1.505,1.513,1.494,1.504,9657148.0,1451166497.533,
2024-09-19,159915.SZ,1.511,1.537,1.492,1.519,18394237.0,2789678359.133,
2024-09-20,159915.SZ,1.516,1.517,1.498,1.508,20920584.0,3150914899.5,
2024-09-23,159915.SZ,1.507,1.52,1.5,1.501,13035359.0,1967069133.831,
2024-09-24,159915.SZ,1.515,1.588,1.504,1.587,33377295.0,5158211996.798,
2024-09-25,159915.SZ,1.621,1.649,1.609,1.61,26730083.0,4346647262.225,
2024-09-26,159915.SZ,1.604,1.686,1.595,1.686,28442155.0,4662498812.27,
2024-09-27,159915.SZ,1.713,1.89,1.713,1.86,56125985.0,10096030846.854,
2024-09-30,159915.SZ,2.0,2.232,1.928,2.232,69772145.0,14533319604.382,
2024-10-08,159915.SZ,2.678,2.678,2.29,2.678,185677265.0,47486377734.325,
2024-10-09,159915.SZ,2.41,2.478,2.238,2.242,164618813.0,38584923664.502,
2024-10-10,159915.SZ,2.241,2.297,2.137,2.174,80625516.0,17811734056.289,
2024-10-11,159915.SZ,2.134,2.152,2.026,2.06,72995288.0,15183685404.586,
2024-10-14,159915.SZ,2.078,2.124,2.022,2.116,57004799.0,11851253261.662,
2024-10-15,159915.SZ,2.094,2.135,2.045,2.045,43784762.0,9145503483.604,
2024-10-16,159915.SZ,2.001,2.044,1.989,2.0,38151331.0,7664940633.07,
2024-10-17,159915.SZ,2.019,2.042,1.993,1.995,31361055.0,6333780718.009,
2024-10-18,159915.SZ,1.986,2.256,1.986,2.156,81695885.0,17246253906.793,
2024-10-21,159915.SZ,2.162,2.225,2.139,2.167,52905363.0,11510502662.903,
2024-10-22,159915.SZ,2.158,2.186,2.139,2.175,27314769.0,5911593010.163,
2024-10-23,159915.SZ,2.166,2.211,2.145,2.162,30454404.0,6623460718.262,
2024-10-24,159915.SZ,2.149,2.161,2.126,2.132,19996473.0,4281073036.949,
2024-10-25,159915.SZ,2.147,2.236,2.138,2.196,41856616.0,9158136091.576,
2024-10-28,159915.SZ,2.193,2.193,2.158,2.188,20357121.0,4432947300.66,
2024-10-29,159915.SZ,2.191,2.198,2.133,2.135,26794604.0,5783642893.711,
2024-10-30,159915.SZ,2.119,2.138,2.086,2.111,23065017.0,4870460597.468,
2024-10-31,159915.SZ,2.105,2.164,2.09,2.122,31276690.0,6665871258.044,
2024-11-01,159915.SZ,2.104,2.125,2.08,2.084,23885768.0,5027417592.785,
2024-11-04,159915.SZ,2.081,2.146,2.08,2.145,20837386.0,4424060317.6,
2024-11-05,159915.SZ,2.144,2.258,2.13,2.249,52481838.0,11653247663.192,
2024-11-06,159915.SZ,2.249,2.316,2.202,2.223,45986097.0,10389830349.896,
2024-11-07,159915.SZ,2.202,2.306,2.198,2.306,36027816.0,8123542737.353,
2024-11-08,159915.SZ,2.355,2.365,2.274,2.282,34984930.0,8113596732.71,
2024-11-11,159915.SZ,2.25,2.35,2.249,2.349,31861165.0,7362300483.6,
2024-11-12,159915.SZ,2.365,2.402,2.316,2.345,32230534.0,7623609143.475,
2024-11-13,159915.SZ,2.325,2.381,2.3,2.372,28539851.0,6672901457.963,
2024-11-14,159915.SZ,2.37,2.372,2.285,2.288,21661199.0,5043001876.48,
2024-11-15,159915.SZ,2.276,2.294,2.201,2.204,27246692.0,6126017644.301,
2024-11-18,159915.SZ,2.205,2.219,2.132,2.149,28609469.0,6207444236.805,
2024-11-19,159915.SZ,2.155,2.219,2.132,2.215,31529902.0,6860088377.953,
2024-11-20,159915.SZ,2.201,2.24,2.195,2.223,23956979.0,5309861882.455,
2024-11-21,159915.SZ,2.213,2.237,2.206,2.223,15526239.0,3449564222.641,
2024-11-22,159915.SZ,2.218,2.226,2.133,2.136,20256843.0,4419031312.634,
2024-11-25,159915.SZ,2.14,2.151,2.1,2.132,19946017.0,4239346267.277,
2024-11-26,159915.SZ,2.122,2.146,2.107,2.109,13881308.0,2950218246.699,
2024-11-27,159915.SZ,2.1,2.167,2.079,2.165,23812605.0,5063215464.538,
2024-11-28,159915.SZ,2.162,2.165,2.124,2.128,15812142.0,3390963014.451,
2024-11-29,159915.SZ,2.122,2.221,2.12,2.179,30698302.0,6686251148.115,
2024-12-02,159915.SZ,2.172,2.218,2.166,2.211,20748569.0,4569798100.424,
2024-12-03,159915.SZ,2.211,2.219,2.182,2.198,15916814.0,3502377943.646,
2024-12-04,159915.SZ,2.195,2.203,2.161,2.17,14083118.0,3072274745.95,
2024-12-05,159915.SZ,2.167,2.195,2.163,2.177,10881280.0,2370569445.183,
2024-12-06,159915.SZ,2.18,2.247,2.17,2.224,25903279.0,5742016666.224,
2024-12-09,159915.SZ,2.219,2.23,2.185,2.206,14918244.0,3292494593.409,
2024-12-10,159915.SZ,2.32,2.32,2.214,2.221,35328843.0,7987491172.366,
2024-12-11,159915.SZ,2.215,2.235,2.209,2.218,14406912.0,3197772570.038,
2024-12-12,159915.SZ,2.217,2.258,2.212,2.248,19109548.0,4274890548.278,
2024-12-13,159915.SZ,2.231,2.233,2.19,2.193,17805550.0,3936277775.368,
2024-12-16,159915.SZ,2.19,2.192,2.148,2.158,12552537.0,2716261843.241,
2024-12-17,159915.SZ,2.156,2.189,2.153,2.159,16959955.0,3681413046.513,
2024-12-18,159915.SZ,2.167,2.173,2.15,2.158,10734338.0,2318259676.496,
2024-12-19,159915.SZ,2.137,2.178,2.132,2.171,14482076.0,3123320233.12,
2024-12-20,159915.SZ,2.166,2.19,2.157,2.169,12555582.0,2726937858.249,
2024-12-23,159915.SZ,2.163,2.18,2.142,2.147,13008414.0,2810536450.2,
2024-12-24,159915.SZ,2.148,2.172,2.143,2.17,15581880.0,3361542137.627,
2024-12-25,159915.SZ,2.173,2.175,2.144,2.156,11594528.0,2502557661.67,
2024-12-26,159915.SZ,2.16,2.176,2.152,2.166,10655084.0,2309054268.675,
2024-12-27,159915.SZ,2.166,2.192,2.154,2.163,14826588.0,3218106312.295,
2024-12-30,159915.SZ,2.158,2.174,2.155,2.165,10202963.0,2207790488.178,
2024-12-31,159915.SZ,2.162,2.165,2.101,2.102,19047476.0,4056325482.738,
2025-01-02,159915.SZ,2.096,2.097,2.0,2.019,22999093.0,4709844390.934,
2025-01-03,159915.SZ,2.02,2.027,1.976,1.978,20166724.0,4033494990.009,
2025-01-06,159915.SZ,1.978,1.994,1.962,1.976,16794769.0,3322854220.7,
2025-01-07,159915.SZ,1.965,1.99,1.951,1.99,16954313.0,3344010729.37,
2025-01-08,159915.SZ,1.975,1.99,1.925,1.968,22795329.0,4466166489.116,
2025-01-09,159915.SZ,1.956,1.985,1.954,1.971,13525681.0,2671984315.048,
2025-01-10,159915.SZ,1.967,1.983,1.938,1.938,12061622.0,2366472762.214,
2025-01-13,159915.SZ,1.916,1.959,1.916,1.942,13517608.0,2622517596.02,
2025-01-14,159915.SZ,1.95,2.037,1.942,2.036,28363155.0,5666356596.638,
2025-01-15,159915.SZ,2.022,2.025,1.992,1.999,17505191.0,3511330420.628,
2025-01-16,159915.SZ,2.009,2.044,1.99,2.01,19330738.0,3896733940.297,
2025-01-17,159915.SZ,1.999,2.043,1.998,2.026,16072145.0,3249604106.116,
2025-01-20,159915.SZ,2.047,2.077,2.046,2.062,19351278.0,3993926763.688,
2025-01-21,159915.SZ,2.081,2.083,2.048,2.07,10659994.0,2200295028.927,
2025-01-22,159915.SZ,2.063,2.069,2.041,2.059,11106114.0,2281647143.145,
2025-01-23,159915.SZ,2.082,2.11,2.052,2.052,17381341.0,3618632282.938,
2025-01-24,159915.SZ,2.045,2.092,2.044,2.084,15011413.0,3113708667.104,
2025-01-27,159915.SZ,2.086,2.087,2.028,2.028,14246932.0,2922348702.718,
2025-02-05,159915.SZ,2.043,2.047,2.016,2.024,11049675.0,2240818341.606,
2025-02-06,159915.SZ,2.022,2.082,2.017,2.08,17017750.0,3505456955.157,
2025-02-07,159915.SZ,2.08,2.159,2.08,2.131,27469983.0,5838438099.748,
2025-02-10,159915.SZ,2.14,2.147,2.114,2.142,13228398.0,2821357496.675,
2025-02-11,159915.SZ,2.141,2.142,2.11,2.113,10674532.0,2260595044.488,
2025-02-12,159915.SZ,2.107,2.154,2.101,2.15,15623364.0,3322841476.11,
2025-02-13,159915.SZ,2.145,2.163,2.133,2.135,14983656.0,3217541986.367,
2025-02-14,159915.SZ,2.134,2.181,2.132,2.174,21577861.0,4668509747.439,
2025-02-17,159915.SZ,2.198,2.2,2.166,2.182,16500527.0,3606618049.443,
2025-02-18,159915.SZ,2.178,2.19,2.131,2.14,13363110.0,2892733134.994,
2025-02-19,159915.SZ,2.136,2.186,2.133,2.185,13819064.0,2996598071.184,
2025-02-20,159915.SZ,2.179,2.191,2.161,2.184,10073320.0,2194588122.263,
2025-02-21,159915.SZ,2.185,2.242,2.185,2.239,18182523.0,4035502064.543,
2025-02-24,159915.SZ,2.232,2.24,2.201,2.221,15447324.0,3431453111.529,
2025-02-25,159915.SZ,2.189,2.222,2.185,2.197,14558336.0,3203034928.62,
2025-02-26,159915.SZ,2.199,2.225,2.19,2.223,13441086.0,2970832857.675,
2025-02-27,159915.SZ,2.224,2.237,2.183,2.212,13424835.0,2963835960.485,
2025-02-28,159915.SZ,2.197,2.198,2.123,2.128,18951792.0,4095199128.933,
2025-03-03,159915.SZ,2.133,2.189,2.12,2.154,20129437.0,4353725070.0,
2025-03-04,159915.SZ,2.131,2.151,2.12,2.149,10755616.0,2299059817.031,
2025-03-05,159915.SZ,2.147,2.159,2.131,2.149,9583045.0,2053850545.627,
2025-03-06,159915.SZ,2.162,2.2,2.16,2.191,17630606.0,3849695005.753,
2025-03-07,159915.SZ,2.181,2.183,2.152,2.16,12596179.0,2731623950.059,
2025-03-10,159915.SZ,2.166,2.174,2.14,2.159,10578257.0,2277006445.308,
2025-03-11,159915.SZ,2.135,2.161,2.131,2.159,11097012.0,2382242786.444,
2025-03-12,159915.SZ,2.17,2.172,2.148,2.149,10441195.0,2254199739.096,
2025-03-13,159915.SZ,2.146,2.158,2.113,2.125,11140607.0,2373852234.623,
2025-03-14,159915.SZ,2.125,2.19,2.12,2.186,19647221.0,4259564959.696,
2025-03-17,159915.SZ,2.188,2.191,2.169,2.173,10186892.0,2217737744.359,
2025-03-18,159915.SZ,2.182,2.201,2.173,2.185,11167341.0,2442376910.384,
2025-03-19,159915.SZ,2.181,2.195,2.166,2.178,9564472.0,2084327408.135,
2025-03-20,159915.SZ,2.178,2.18,2.155,2.158,8744022.0,1894715234.15,
2025-03-21,159915.SZ,2.153,2.159,2.108,2.112,14212017.0,3023428322.313,
2025-03-24,159915.SZ,2.11,2.118,2.084,2.112,9427423.0,1982939078.184,
2025-03-25,159915.SZ,2.112,2.123,2.094,2.105,9336352.0,1967146654.34,
2025-03-26,159915.SZ,2.1,2.117,2.097,2.098,8839485.0,1861535855.22,
2025-03-27,159915.SZ,2.093,2.125,2.076,2.103,9348640.0,1963608468.535,
2025-03-28,159915.SZ,2.101,2.112,2.087,2.089,8162006.0,1710499759.8,
2025-03-31,159915.SZ,2.079,2.083,2.047,2.064,12318221.0,2541748555.966,
2025-04-01,159915.SZ,2.067,2.087,2.06,2.062,9304839.0,1927320561.242,
2025-04-02,159915.SZ,2.062,2.081,2.057,2.064,7303188.0,1510412683.185,
2025-04-03,159915.SZ,2.042,2.057,2.018,2.027,15626423.0,3181472986.023,
2025-04-07,159915.SZ,1.93,1.931,1.721,1.775,69505868.0,12659759619.398,
2025-04-08,159915.SZ,1.792,1.844,1.777,1.804,29297322.0,5298034546.772,
2025-04-09,159915.SZ,1.762,1.838,1.743,1.823,31929857.0,5760841736.393,
2025-04-10,159915.SZ,1.88,1.908,1.86,1.863,29094618.0,5475498058.797,
2025-04-11,159915.SZ,1.845,1.907,1.844,1.892,18605349.0,3492329846.925,
2025-04-14,159915.SZ,1.915,1.919,1.892,1.895,13033281.0,2481540099.817,
2025-04-15,159915.SZ,1.895,1.903,1.881,1.893,9943364.0,1879135555.703,
2025-04-16,159915.SZ,1.885,1.885,1.844,1.87,17281809.0,3218073684.0,
2025-04-17,159915.SZ,1.859,1.887,1.856,1.873,11084084.0,2081248945.704,
2025-04-18,159915.SZ,1.865,1.881,1.862,1.878,8888570.0,1664135334.929,
2025-04-21,159915.SZ,1.874,1.91,1.865,1.908,12287907.0,2328928106.628,
2025-04-22,159915.SZ,1.903,1.911,1.895,1.899,8689827.0,1652435883.609,
2025-04-23,159915.SZ,1.917,1.933,1.906,1.919,15179641.0,2915749901.78,
2025-04-24,159915.SZ,1.916,1.929,1.902,1.907,12207396.0,2336068858.749,
2025-04-25,159915.SZ,1.913,1.932,1.908,1.92,12024520.0,2309659992.776,
2025-04-28,159915.SZ,1.918,1.921,1.901,1.906,6991261.0,1334167133.0,
2025-04-29,159915.SZ,1.902,1.912,1.895,1.903,6795070.0,1293918095.471,
2025-04-30,159915.SZ,1.905,1.926,1.904,1.921,10655595.0,2044909415.911,
2025-05-06,159915.SZ,1.936,1.959,1.935,1.958,10395145.0,2026370672.879,
2025-05-07,159915.SZ,1.995,2.007,1.953,1.967,17348732.0,3426132325.993,
2025-05-08,159915.SZ,1.963,2.006,1.961,2.001,15804047.0,3148925965.463,
2025-05-09,159915.SZ,2.0,2.001,1.975,1.984,8209132.0,1629568540.583,
2025-05-12,159915.SZ,2.013,2.037,2.007,2.037,15584949.0,3149770588.876,
2025-05-13,159915.SZ,2.062,2.065,2.027,2.03,10952122.0,2234622684.115,
2025-05-14,159915.SZ,2.032,2.074,2.021,2.054,12210653.0,2496059353.939,
2025-05-15,159915.SZ,2.046,2.047,2.012,2.012,8533395.0,1727955312.398,
2025-05-16,159915.SZ,2.006,2.02,2.005,2.008,5946975.0,1197218183.195,
2025-05-19,159915.SZ,2.006,2.008,1.988,2.002,7379950.0,1474714685.148,
2025-05-20,159915.SZ,2.009,2.031,1.997,2.018,7844446.0,1580369547.217,
2025-05-21,159915.SZ,2.02,2.047,2.019,2.034,10241285.0,2083759004.62,
2025-05-22,159915.SZ,2.036,2.037,2.014,2.016,5615394.0,1135814240.949,
2025-05-23,159915.SZ,2.015,2.03,1.994,1.994,7272379.0,1463619653.819,
2025-05-26,159915.SZ,1.99,1.997,1.965,1.977,7532962.0,1489711308.496,
2025-05-27,159915.SZ,1.976,1.976,1.957,1.967,7464291.0,1466776070.321,
2025-05-28,159915.SZ,1.969,1.975,1.956,1.959,7195168.0,1414015462.706,
2025-05-29,159915.SZ,1.962,1.991,1.961,1.989,9341379.0,1850177077.489,
2025-05-30,159915.SZ,1.98,1.98,1.963,1.972,6612255.0,1303691547.765,
2025-06-03,159915.SZ,1.961,1.987,1.96,1.977,5758778.0,1139384009.044,
2025-06-04,159915.SZ,1.983,2.006,1.982,2.0,7389093.0,1475808291.241,
2025-06-05,159915.SZ,2.001,2.029,1.989,2.023,8084529.0,1624628219.751,
2025-06-06,159915.SZ,2.022,2.027,2.01,2.017,5147504.0,1037863344.0,
2025-06-09,159915.SZ,2.02,2.051,2.02,2.034,8445347.0,1721674805.581,
2025-06-10,159915.SZ,2.034,2.041,1.999,2.012,9385023.0,1894152205.056,
2025-06-11,159915.SZ,2.016,2.053,2.016,2.038,8732720.0,1781856917.291,
2025-06-12,159915.SZ,2.033,2.052,2.027,2.04,6124760.0,1250732889.926,
2025-06-13,159915.SZ,2.033,2.042,2.015,2.02,7302115.0,1480102735.182,
2025-06-16,159915.SZ,2.019,2.039,2.016,2.037,4976448.0,1011261424.094,
2025-06-17,159915.SZ,2.04,2.041,2.023,2.028,4252575.0,863471367.207,
2025-06-18,159915.SZ,2.027,2.038,2.017,2.034,4931127.0,999608204.908,
2025-06-19,159915.SZ,2.028,2.036,2.0,2.005,6989479.0,1408373550.495,
2025-06-20,159915.SZ,2.005,2.015,1.987,1.988,5926744.0,1183215436.7,
2025-06-23,159915.SZ,1.98,2.001,1.975,1.998,6068657.0,1207204146.999,
2025-06-24,159915.SZ,2.004,2.044,2.003,2.044,12388429.0,2518135496.438,
2025-06-25,159915.SZ,2.05,2.113,2.05,2.109,16381973.0,3406556995.774,
2025-06-26,159915.SZ,2.109,2.121,2.092,2.093,11040739.0,2325635078.858,
2025-06-27,159915.SZ,2.1,2.125,2.091,2.101,11326780.0,2389373180.739,
2025-06-30,159915.SZ,2.11,2.134,2.106,2.133,10634131.0,2255934779.632,
2025-07-01,159915.SZ,2.128,2.131,2.112,2.126,6758008.0,1434048675.341,
2025-07-02,159915.SZ,2.123,2.123,2.097,2.104,6869308.0,1445894926.421,
2025-07-03,159915.SZ,2.11,2.147,2.108,2.141,10437516.0,2221641222.03,
2025-07-04,159915.SZ,2.141,2.167,2.131,2.133,10770847.0,2308805612.626,
2025-07-07,159915.SZ,2.126,2.134,2.106,2.11,7631514.0,1613281869.68,
2025-07-08,159915.SZ,2.109,2.161,2.107,2.159,12591227.0,2700369074.947,
2025-07-09,159915.SZ,2.157,2.183,2.155,2.163,11223645.0,2435284014.046,
2025-07-10,159915.SZ,2.17,2.179,2.153,2.169,8455356.0,1830798185.168,
2025-07-11,159915.SZ,2.169,2.202,2.159,2.185,11419299.0,2493790368.014,
2025-07-14,159915.SZ,2.18,2.187,2.167,2.177,6661325.0,1449095599.025,
2025-07-15,159915.SZ,2.184,2.223,2.184,2.212,14273177.0,3151896333.733,
2025-07-16,159915.SZ,2.217,2.237,2.205,2.206,8014571.0,1778554120.466,
2025-07-17,159915.SZ,2.205,2.247,2.204,2.247,9615694.0,2146267402.895,
2025-07-18,159915.SZ,2.256,2.274,2.241,2.252,9440410.0,2131513000.878,
2025-07-21,159915.SZ,2.258,2.275,2.251,2.275,9911442.0,2244881619.446,
2025-07-22,159915.SZ,2.274,2.291,2.267,2.289,10784625.0,2460630714.563,
2025-07-23,159915.SZ,2.288,2.31,2.281,2.287,12335622.0,2829799317.115,
2025-07-24,159915.SZ,2.297,2.325,2.291,2.325,10346952.0,2386144787.825,
2025-07-25,159915.SZ,2.326,2.326,2.308,2.318,7610292.0,1763030434.184,
2025-07-28,159915.SZ,2.322,2.344,2.311,2.342,8647995.0,2015532116.201,
2025-07-29,159915.SZ,2.338,2.384,2.332,2.383,10423053.0,2458006718.553,
2025-07-30,159915.SZ,2.378,2.378,2.325,2.345,17952943.0,4225955580.442,
2025-07-31,159915.SZ,2.354,2.37,2.299,2.301,19803836.0,4628163692.09,
2025-08-01,159915.SZ,2.296,2.324,2.281,2.303,11371253.0,2620619508.446,
2025-08-04,159915.SZ,2.285,2.313,2.282,2.313,7651039.0,1755984114.526,
2025-08-05,159915.SZ,2.326,2.328,2.3,2.32,10464315.0,2423350451.697,
2025-08-06,159915.SZ,2.314,2.338,2.312,2.336,8691742.0,2023667990.508,
2025-08-07,159915.SZ,2.338,2.35,2.3,2.32,11035689.0,2561935101.344,
2025-08-08,159915.SZ,2.314,2.331,2.307,2.312,7461764.0,1728760970.226,
2025-08-11,159915.SZ,2.317,2.362,2.312,2.357,11597518.0,2719858279.901,
2025-08-12,159915.SZ,2.358,2.385,2.345,2.385,11120495.0,2635788947.593,
2025-08-13,159915.SZ,2.395,2.475,2.391,2.473,18976851.0,4624232806.169,
2025-08-14,159915.SZ,2.473,2.489,2.438,2.446,14892827.0,3670028993.538,
2025-08-15,159915.SZ,2.435,2.518,2.435,2.509,14271173.0,3545929725.368,
2025-08-18,159915.SZ,2.52,2.608,2.504,2.582,22969315.0,5893785524.283,
2025-08-19,159915.SZ,2.575,2.61,2.561,2.575,16354090.0,4222774161.561,
2025-08-20,159915.SZ,2.551,2.588,2.524,2.588,20594441.0,5260550950.151,
2025-08-21,159915.SZ,2.589,2.605,2.558,2.572,18828044.0,4859237812.754,
2025-08-22,159915.SZ,2.566,2.663,2.563,2.662,21659089.0,5681941122.755,
2025-08-25,159915.SZ,2.693,2.76,2.675,2.737,27514140.0,7457636147.978,
2025-08-26,159915.SZ,2.727,2.75,2.702,2.716,20918322.0,5706483426.739,
2025-08-27,159915.SZ,2.716,2.796,2.696,2.696,29434776.0,8091776959.283,
2025-08-28,159915.SZ,2.68,2.807,2.677,2.806,26820208.0,7337066719.709,
2025-08-29,159915.SZ,2.799,2.909,2.78,2.865,24760608.0,7050495858.504,
2025-09-01,159915.SZ,2.88,2.932,2.859,2.927,20641012.0,5979182419.477,
2025-09-02,159915.SZ,2.922,2.954,2.815,2.848,30202205.0,8691244492.502,
2025-09-03,159915.SZ,2.852,2.899,2.832,2.87,29187032.0,8367566301.436,
2025-09-04,159915.SZ,2.899,2.93,2.716,2.751,35046019.0,9856433541.82,
2025-09-05,159915.SZ,2.75,2.947,2.749,2.944,27420789.0,7802431010.294,
2025-09-08,159915.SZ,2.946,2.951,2.856,2.908,24968782.0,7234949537.598,
2025-09-09,159915.SZ,2.866,2.898,2.818,2.845,17046755.0,4870733789.144,
2025-09-10,159915.SZ,2.857,2.9,2.833,2.875,18595794.0,5345322585.754,
2025-09-11,159915.SZ,2.883,3.027,2.871,3.025,26297373.0,7786806668.195,
2025-09-12,159915.SZ,3.01,3.033,2.982,2.995,21253623.0,6394148105.646,
2025-09-15,159915.SZ,3.006,3.08,3.006,3.037,17136620.0,5227741888.059,
2025-09-16,159915.SZ,3.039,3.064,2.993,3.059,18886350.0,5729177908.937,
2025-09-17,159915.SZ,3.055,3.125,3.036,3.119,16687573.0,5154304123.48,
2025-09-18,159915.SZ,3.115,3.141,3.024,3.067,27190632.0,8408306051.594,
2025-09-19,159915.SZ,3.067,3.101,3.046,3.062,17122318.0,5266798692.281,
2025-09-22,159915.SZ,3.068,3.082,3.026,3.082,13820787.0,4228087839.518,
2025-09-23,159915.SZ,3.115,3.13,3.015,3.093,22320034.0,6865555807.126,
2025-09-24,159915.SZ,3.063,3.162,3.061,3.16,19449895.0,6065237036.156,
2025-09-25,159915.SZ,3.15,3.24,3.134,3.211,16257324.0,5199641840.272,
2025-09-26,159915.SZ,3.193,3.226,3.126,3.129,16927559.0,5368043518.048,
2025-09-29,159915.SZ,3.126,3.233,3.126,3.213,16328471.0,5208289767.057,
2025-09-30,159915.SZ,3.221,3.254,3.194,3.217,12401712.0,3995389304.531,
2025-10-09,159915.SZ,3.217,3.297,3.217,3.235,17435666.0,5667232669.797,
2025-10-10,159915.SZ,3.201,3.217,3.072,3.095,22276431.0,6981652423.033,
2025-10-13,159915.SZ,2.952,3.073,2.951,3.054,22235483.0,6730538312.754,
2025-10-14,159915.SZ,3.093,3.106,2.92,2.934,24116473.0,7241505141.832,
2025-10-15,159915.SZ,2.932,3.01,2.905,3.003,18770043.0,5552036995.144,
2025-10-16,159915.SZ,2.984,3.044,2.978,3.014,15488704.0,4670184541.573,
2025-10-17,159915.SZ,3.002,3.021,2.91,2.915,15526407.0,4576629143.027,
2025-10-20,159915.SZ,2.976,3.02,2.948,2.971,15566787.0,4642754506.081,
2025-10-21,159915.SZ,2.999,3.078,2.972,3.062,17359633.0,5272466543.795,
2025-10-22,159915.SZ,3.037,3.067,3.02,3.039,11741287.0,3571697635.407,
2025-10-23,159915.SZ,3.021,3.045,2.98,3.038,9985458.0,3006639972.485,
2025-10-24,159915.SZ,3.069,3.147,3.058,3.147,14948805.0,4637974087.124,
2025-10-27,159915.SZ,3.209,3.218,3.155,3.209,15096685.0,4823568499.713,
2025-10-28,159915.SZ,3.189,3.258,3.181,3.205,13533297.0,4352354390.296,
2025-10-29,159915.SZ,3.235,3.3,3.234,3.3,13701356.0,4473209145.637,
2025-10-30,159915.SZ,3.296,3.308,3.235,3.239,14068840.0,4602035004.766,
2025-10-31,159915.SZ,3.235,3.258,3.164,3.166,14956429.0,4795957338.81,
2025-11-03,159915.SZ,3.152,3.178,3.098,3.176,12919888.0,4057838466.861,
2025-11-04,159915.SZ,3.166,3.184,3.087,3.112,12779003.0,3999079270.611,
2025-11-05,159915.SZ,3.06,3.157,3.046,3.142,13128615.0,4073292024.942,
2025-11-06,159915.SZ,3.158,3.213,3.153,3.201,13344230.0,4251348431.464,
2025-11-07,159915.SZ,3.184,3.218,3.155,3.185,9705146.0,3090346851.245,
2025-11-10,159915.SZ,3.2,3.215,3.117,3.158,11746888.0,3697770212.51,
2025-11-11,159915.SZ,3.175,3.188,3.107,3.113,10573098.0,3323335998.6,
2025-11-12,159915.SZ,3.095,3.116,3.058,3.108,11814661.0,3648762908.877,
2025-11-13,159915.SZ,3.094,3.188,3.086,3.182,16018683.0,5045454814.849,
2025-11-14,159915.SZ,3.146,3.146,3.091,3.093,12217523.0,3818689061.473,
2025-11-17,159915.SZ,3.074,3.101,3.06,3.084,9828891.0,3024962847.564,
2025-11-18,159915.SZ,3.069,3.095,3.032,3.051,12524587.0,3834326362.657,
2025-11-19,159915.SZ,3.051,3.092,3.041,3.057,13254195.0,4059815544.721,
2025-11-20,159915.SZ,3.106,3.113,3.019,3.026,13808023.0,4222309799.476,
2025-11-21,159915.SZ,2.99,2.99,2.903,2.904,23813254.0,7001980046.896,
2025-11-24,159915.SZ,2.925,2.932,2.873,2.908,15108009.0,4394186366.192,
2025-11-25,159915.SZ,2.951,3.008,2.94,2.961,21847137.0,6485664185.436,
2025-11-26,159915.SZ,2.955,3.061,2.943,3.027,18263483.0,5496575402.93,
2025-11-27,159915.SZ,3.018,3.093,3.007,3.012,12497687.0,3812794595.844,
2025-11-28,159915.SZ,3.008,3.048,2.993,3.035,9092535.0,2745371289.08,
2025-12-01,159915.SZ,3.044,3.074,3.017,3.073,10046772.0,3065143122.884,
2025-12-02,159915.SZ,3.075,3.075,3.036,3.052,6232246.0,1904764494.804,
2025-12-03,159915.SZ,3.058,3.086,3.01,3.019,7761190.0,2361211728.084,
2025-12-04,159915.SZ,3.014,3.056,2.997,3.051,8084380.0,2449923929.303,
2025-12-05,159915.SZ,3.063,3.098,3.028,3.089,8738437.0,2681407787.262,
2025-12-08,159915.SZ,3.101,3.194,3.099,3.171,12681256.0,4001557936.312,
2025-12-09,159915.SZ,3.168,3.215,3.153,3.188,10825661.0,3451146147.769,
2025-12-10,159915.SZ,3.185,3.2,3.124,3.192,8529586.0,2694949380.043,
2025-12-11,159915.SZ,3.192,3.226,3.145,3.146,9362313.0,2993222525.739,
2025-12-12,159915.SZ,3.152,3.186,3.12,3.174,10110131.0,3194779883.316,
2025-12-15,159915.SZ,3.14,3.167,3.119,3.12,7984532.0,2506448325.479,
2025-12-16,159915.SZ,3.112,3.125,3.043,3.06,13098987.0,4025761888.812,
2025-12-17,159915.SZ,3.057,3.165,3.054,3.164,15861637.0,4937699275.096,
2025-12-18,159915.SZ,3.134,3.14,3.092,3.092,13805174.0,4297352252.305,
2025-12-19,159915.SZ,3.118,3.141,3.096,3.107,10670931.0,3326085604.734,
2025-12-22,159915.SZ,3.135,3.18,3.135,3.175,13260799.0,4197241563.678,
2025-12-23,159915.SZ,3.18,3.21,3.166,3.185,9460188.0,3015016522.905,
2025-12-24,159915.SZ,3.194,3.219,3.177,3.212,7828621.0,2505014135.06,
2025-12-25,159915.SZ,3.21,3.234,3.184,3.222,8825070.0,2835992188.315,
2025-12-26,159915.SZ,3.222,3.252,3.202,3.226,9532784.0,3075750266.223,
2025-12-29,159915.SZ,3.217,3.234,3.19,3.205,9520732.0,3055961797.223,
2025-12-30,159915.SZ,3.19,3.234,3.19,3.229,11809655.0,3800219966.893,
2025-12-31,159915.SZ,3.23,3.239,3.182,3.186,7178897.0,2302045751.952,
